time_s,dispatch_time_s,dispatch_jitter_s,event_cursor,step_index,event_index,command,playback_commands,front_left_hip,front_left_knee,front_right_hip,front_right_knee,rear_left_hip,rear_left_knee,rear_right_hip,rear_right_knee,front_left_ankle,front_right_ankle,rear_left_ankle,rear_right_ankle
0.0,0.0,0.0,0,1,0,wheel all 0.3,wheel all 0.3,0.0,0.0,0.0,0.0,0.0,0.0,0.0,0.0,0.3,0.3,0.3,0.3
8.859000000171363,8.866666666666667,0.007666666495303787,1,1,1,wheel stop,wheel stop,0.0,0.0,0.0,0.0,0.0,0.0,0.0,0.0,0.0,0.0,0.0,0.0
8.909000000171364,8.916666666666666,0.00766666649530201,2,2,0,servo rear_left_hip 3.5,servo rear_left_hip 3.5,0.0,0.0,0.0,0.0,3.5,0.0,0.0,0.0,0.0,0.0,0.0,0.0
8.988000000081957,9.0,0.011999999918042903,3,2,1,servo rear_left_hip 17.3,servo rear_left_hip 17.3,0.0,0.0,0.0,0.0,17.3,0.0,0.0,0.0,0.0,0.0,0.0,0.0
9.191000000061468,9.2,0.008999999938531289,4,2,2,servo rear_left_hip 18.7,servo rear_left_hip 18.7,0.0,0.0,0.0,0.0,18.7,0.0,0.0,0.0,0.0,0.0,0.0,0.0
9.241000000061469,9.25,0.008999999938531289,5,3,0,servo front_left_hip 6.2,servo front_left_hip 6.2,6.2,0.0,0.0,0.0,18.7,0.0,0.0,0.0,0.0,0.0,0.0,0.0
9.288000000081958,9.3,0.011999999918042903,6,3,1,servo front_left_hip 11.8,servo front_left_hip 11.8,11.8,0.0,0.0,0.0,18.7,0.0,0.0,0.0,0.0,0.0,0.0,0.0
9.397000000253321,9.4,0.002999999746679194,7,3,2,servo front_left_hip 14.5,servo front_left_hip 14.5,14.5,0.0,0.0,0.0,18.7,0.0,0.0,0.0,0.0,0.0,0.0,0.0
9.447000000253322,9.45,0.0029999997466774175,8,4,0,servo front_right_hip 2.1,servo front_right_hip 2.1,14.5,0.0,2.1,0.0,18.7,0.0,0.0,0.0,0.0,0.0,0.0,0.0
9.71300000031479,9.716666666666667,0.0036666663518776232,9,4,1,servo front_right_hip 31.2,servo front_right_hip 31.2,14.5,0.0,31.2,0.0,18.7,0.0,0.0,0.0,0.0,0.0,0.0,0.0
9.931000000424685,9.933333333333334,0.0023333329086483445,10,4,2,servo front_right_hip 39.5,servo front_right_hip 39.5,14.5,0.0,39.5,0.0,18.7,0.0,0.0,0.0,0.0,0.0,0.0,0.0
12.025000000232833,12.033333333333333,0.00833333310050044,11,4,3,servo front_right_knee 16.2,servo front_right_knee 16.2,14.5,0.0,39.5,16.2,18.7,0.0,0.0,0.0,0.0,0.0,0.0,0.0
12.08800000031479,12.1,0.011999999685210483,12,4,4,servo front_right_knee 20.3,servo front_right_knee 20.3,14.5,0.0,39.5,20.3,18.7,0.0,0.0,0.0,0.0,0.0,0.0,0.0
12.13800000031479,12.15,0.011999999685210483,13,5,0,wheel all 0.3,wheel all 0.3,14.5,0.0,39.5,20.3,18.7,0.0,0.0,0.0,0.3,0.3,0.3,0.3
17.123000000417235,17.133333333333333,0.010333332916097504,14,5,1,wheel stop,wheel stop,14.5,0.0,39.5,20.3,18.7,0.0,0.0,0.0,0.0,0.0,0.0,0.0
17.173000000417236,17.183333333333334,0.010333332916097504,15,6,0,servo front_right_hip 31.2,servo front_right_hip 31.2,14.5,0.0,31.2,20.3,18.7,0.0,0.0,0.0,0.0,0.0,0.0,0.0
17.220000000437725,17.233333333333334,0.013333332895609118,16,6,1,servo front_right_hip 29.8,servo front_right_hip 29.8,14.5,0.0,29.8,20.3,18.7,0.0,0.0,0.0,0.0,0.0,0.0,0.0
18.43800000054762,18.45,0.011999999452378063,17,6,2,servo front_right_knee 25.8,servo front_right_knee 25.8,14.5,0.0,29.8,25.8,18.7,0.0,0.0,0.0,0.0,0.0,0.0,0.0
18.48500000056811,18.5,0.014999999431889677,18,6,3,servo front_right_knee 30,servo front_right_knee 30,14.5,0.0,29.8,30.0,18.7,0.0,0.0,0.0,0.0,0.0,0.0,0.0
18.642000000458214,18.65,0.00799999954178432,19,6,4,servo front_right_knee 31.4,servo front_right_knee 31.4,14.5,0.0,29.8,31.4,18.7,0.0,0.0,0.0,0.0,0.0,0.0,0.0
19.517000000458214,19.53333333333333,0.01633333287511718,20,6,5,servo front_right_hip 22.8,servo front_right_hip 22.8,14.5,0.0,22.8,31.4,18.7,0.0,0.0,0.0,0.0,0.0,0.0,0.0
19.626000000396747,19.633333333333333,0.00733333293658589,21,6,6,servo front_right_hip 20.1,servo front_right_hip 20.1,14.5,0.0,20.1,31.4,18.7,0.0,0.0,0.0,0.0,0.0,0.0,0.0
19.676000000396748,19.683333333333334,0.00733333293658589,22,7,0,servo_wheel launch,servo front_left_hip -0.7 | servo front_left_knee 0 | servo front_right_hip 20.1 | servo front_right_knee 31.4 | servo rear_left_hip 0.7 | servo rear_left_knee 0 | servo rear_right_hip 0 | servo rear_right_knee 0 | wheel fl -2.09 | wheel fr 0 | wheel rl 1.88 | wheel rr 0,-0.7,0.0,20.1,31.4,0.7,0.0,0.0,0.0,-2.09,0.0,1.88,0.0
20.426000000396748,20.433333333333334,0.00733333293658589,23,7,1,wheel stop,wheel stop,-0.7,0.0,20.1,31.4,0.7,0.0,0.0,0.0,0.0,0.0,0.0,0.0
20.47600000039675,20.483333333333334,0.00733333293658589,24,8,0,wheel all 0.3,wheel all 0.3,-0.7,0.0,20.1,31.4,0.7,0.0,0.0,0.0,0.3,0.3,0.3,0.3
24.163000000314792,24.166666666666668,0.003666666351875847,25,8,1,wheel stop,wheel stop,-0.7,0.0,20.1,31.4,0.7,0.0,0.0,0.0,0.0,0.0,0.0,0.0
24.213000000314793,24.216666666666665,0.003666666351872294,26,9,0,servo_wheel launch,servo front_left_hip -0.7 | servo front_left_knee -18.5 | servo front_right_hip 20.1 | servo front_right_knee 31.4 | servo rear_left_hip 0.7 | servo rear_left_knee 0 | servo rear_right_hip 0 | servo rear_right_knee 0 | wheel fl -2.09 | wheel fr 0 | wheel rl 0 | wheel rr 0,-0.7,-18.5,20.1,31.4,0.7,0.0,0.0,0.0,-2.09,0.0,0.0,0.0
24.93200000035577,24.933333333333334,0.0013333329775626623,27,9,1,wheel stop,wheel stop,-0.7,-18.5,20.1,31.4,0.7,0.0,0.0,0.0,0.0,0.0,0.0,0.0
24.98200000035577,24.983333333333334,0.0013333329775626623,28,10,0,wheel all 0.3,wheel all 0.3,-0.7,-18.5,20.1,31.4,0.7,0.0,0.0,0.0,0.3,0.3,0.3,0.3
28.02900000037626,28.03333333333333,0.0043333329570707235,29,10,1,wheel stop,wheel stop,-0.7,-18.5,20.1,31.4,0.7,0.0,0.0,0.0,0.0,0.0,0.0,0.0
28.07900000037626,28.083333333333332,0.0043333329570707235,30,11,0,servo rear_right_hip 2.1,servo rear_right_hip 2.1,-0.7,-18.5,20.1,31.4,0.7,0.0,2.1,0.0,0.0,0.0,0.0,0.0
28.17300000018441,28.183333333333334,0.010333333148924595,31,11,1,servo rear_right_hip 18.7,servo rear_right_hip 18.7,-0.7,-18.5,20.1,31.4,0.7,0.0,18.7,0.0,0.0,0.0,0.0,0.0
28.220000000204898,28.233333333333334,0.013333333128436209,32,11,2,servo rear_right_hip 20.1,servo rear_right_hip 20.1,-0.7,-18.5,20.1,31.4,0.7,0.0,20.1,0.0,0.0,0.0,0.0,0.0
28.2700000002049,28.28333333333333,0.013333333128432656,33,12,0,servo front_left_knee -17.1,servo front_left_knee -17.1,-0.7,-17.1,20.1,31.4,0.7,0.0,20.1,0.0,0.0,0.0,0.0,0.0
28.333000000054025,28.333333333333332,0.0003333332793076238,34,12,1,servo front_left_knee -18.5,servo front_left_knee -18.5,-0.7,-18.5,20.1,31.4,0.7,0.0,20.1,0.0,0.0,0.0,0.0,0.0
28.458000000054025,28.466666666666665,0.008666666612640483,35,12,2,servo front_left_knee -32.3,servo front_left_knee -32.3,-0.7,-32.3,20.1,31.4,0.7,0.0,20.1,0.0,0.0,0.0,0.0,0.0
28.5200000002049,28.53333333333333,0.013333333128432656,36,12,3,servo front_left_knee -39.2,servo front_left_knee -39.2,-0.7,-39.2,20.1,31.4,0.7,0.0,20.1,0.0,0.0,0.0,0.0,0.0
28.583000000054025,28.583333333333332,0.0003333332793076238,37,12,4,servo front_left_knee -40.6,servo front_left_knee -40.6,-0.7,-40.6,20.1,31.4,0.7,0.0,20.1,0.0,0.0,0.0,0.0,0.0
28.72300000018441,28.733333333333334,0.010333333148924595,38,12,5,servo front_left_knee -42,servo front_left_knee -42,-0.7,-42.0,20.1,31.4,0.7,0.0,20.1,0.0,0.0,0.0,0.0,0.0
28.77300000018441,28.78333333333333,0.010333333148921042,39,13,0,servo front_left_hip 0.7,servo front_left_hip 0.7,0.7,-42.0,20.1,31.4,0.7,0.0,20.1,0.0,0.0,0.0,0.0,0.0
28.9450000002049,28.95,0.0049999997950997965,40,13,1,servo front_left_hip 10.4,servo front_left_hip 10.4,10.4,-42.0,20.1,31.4,0.7,0.0,20.1,0.0,0.0,0.0,0.0,0.0
29.055000000074514,29.066666666666666,0.011666666592152097,41,13,2,servo front_left_hip 20.1,servo front_left_hip 20.1,20.1,-42.0,20.1,31.4,0.7,0.0,20.1,0.0,0.0,0.0,0.0,0.0
29.1950000002049,29.2,0.0049999997950997965,42,13,3,servo front_left_hip 24.2,servo front_left_hip 24.2,24.2,-42.0,20.1,31.4,0.7,0.0,20.1,0.0,0.0,0.0,0.0,0.0
29.305000000074514,29.316666666666666,0.011666666592152097,43,13,4,servo front_left_hip 29.8,servo front_left_hip 29.8,29.8,-42.0,20.1,31.4,0.7,0.0,20.1,0.0,0.0,0.0,0.0,0.0
29.366999999992558,29.383333333333333,0.016333333340774914,44,13,5,servo front_left_hip 38.1,servo front_left_hip 38.1,38.1,-42.0,20.1,31.4,0.7,0.0,20.1,0.0,0.0,0.0,0.0,0.0
29.633000000054025,29.633333333333333,0.0003333332793076238,45,13,6,servo front_left_hip 39.5,servo front_left_hip 39.5,39.5,-42.0,20.1,31.4,0.7,0.0,20.1,0.0,0.0,0.0,0.0,0.0
30.02300000018441,30.03333333333333,0.010333333148921042,46,13,7,servo front_left_hip 43.6,servo front_left_hip 43.6,43.6,-42.0,20.1,31.4,0.7,0.0,20.1,0.0,0.0,0.0,0.0,0.0
31.633000000054025,31.633333333333333,0.0003333332793076238,47,13,8,servo front_left_knee -35.1,servo front_left_knee -35.1,43.6,-35.1,20.1,31.4,0.7,0.0,20.1,0.0,0.0,0.0,0.0,0.0
31.6950000002049,31.7,0.0049999997950997965,48,13,9,servo front_left_knee -32.3,servo front_left_knee -32.3,43.6,-32.3,20.1,31.4,0.7,0.0,20.1,0.0,0.0,0.0,0.0,0.0
31.758000000054025,31.766666666666666,0.008666666612640483,49,13,10,servo front_left_knee -29.5,servo front_left_knee -29.5,43.6,-29.5,20.1,31.4,0.7,0.0,20.1,0.0,0.0,0.0,0.0,0.0
31.930000000074514,31.933333333333334,0.0033333332588192377,50,13,11,servo front_left_knee -25.4,servo front_left_knee -25.4,43.6,-25.4,20.1,31.4,0.7,0.0,20.1,0.0,0.0,0.0,0.0,0.0
32.02300000018441,32.03333333333333,0.010333333148921042,51,13,12,servo front_left_knee -12.9,servo front_left_knee -12.9,43.6,-12.9,20.1,31.4,0.7,0.0,20.1,0.0,0.0,0.0,0.0,0.0
32.0700000002049,32.083333333333336,0.013333333128436209,52,13,13,servo front_left_knee -1.8,servo front_left_knee -1.8,43.6,-1.8,20.1,31.4,0.7,0.0,20.1,0.0,0.0,0.0,0.0,0.0
32.1200000002049,32.13333333333333,0.013333333128436209,53,14,0,servo front_left_hip 45,servo front_left_hip 45,45.0,-1.8,20.1,31.4,0.7,0.0,20.1,0.0,0.0,0.0,0.0,0.0
32.214000000245875,32.21666666666667,0.0026666664207937174,54,14,1,servo front_left_hip 28.4,servo front_left_hip 28.4,28.4,-1.8,20.1,31.4,0.7,0.0,20.1,0.0,0.0,0.0,0.0,0.0
32.30700000035577,32.31666666666666,0.00966666631089197,55,14,2,servo front_left_hip 22.8,servo front_left_hip 22.8,22.8,-1.8,20.1,31.4,0.7,0.0,20.1,0.0,0.0,0.0,0.0,0.0
32.3700000002049,32.38333333333333,0.013333333128436209,56,14,3,servo front_left_hip 18.7,servo front_left_hip 18.7,18.7,-1.8,20.1,31.4,0.7,0.0,20.1,0.0,0.0,0.0,0.0,0.0
32.4950000002049,32.5,0.004999999795103349,57,14,4,servo front_left_hip 17.3,servo front_left_hip 17.3,17.3,-1.8,20.1,31.4,0.7,0.0,20.1,0.0,0.0,0.0,0.0,0.0
32.68200000035577,32.68333333333333,0.0013333329775591096,58,14,5,servo front_left_hip 21.5,servo front_left_hip 21.5,21.5,-1.8,20.1,31.4,0.7,0.0,20.1,0.0,0.0,0.0,0.0,0.0
32.7450000002049,32.75,0.004999999795103349,59,14,6,servo front_left_hip 22.8,servo front_left_hip 22.8,22.8,-1.8,20.1,31.4,0.7,0.0,20.1,0.0,0.0,0.0,0.0,0.0
32.795000000204894,32.8,0.004999999795103349,60,15,0,wheel all 0.3,wheel all 0.3,22.8,-1.8,20.1,31.4,0.7,0.0,20.1,0.0,0.3,0.3,0.3,0.3
65.46700000022538,65.48333333333333,0.016333333107951375,61,15,1,wheel stop,wheel stop,22.8,-1.8,20.1,31.4,0.7,0.0,20.1,0.0,0.0,0.0,0.0,0.0
65.51700000022538,65.53333333333333,0.016333333107951375,62,16,0,servo_wheel launch,servo front_left_hip 6.2 | servo front_left_knee -1.8 | servo front_right_hip 6.2 | servo front_right_knee 0.9 | servo rear_left_hip 0.7 | servo rear_left_knee 0 | servo rear_right_hip 0.7 | servo rear_right_knee 0 | wheel fl -0.98 | wheel fr -2.09 | wheel rl 0 | wheel rr 1.65,6.2,-1.8,6.2,0.9,0.7,0.0,0.7,0.0,-0.98,-2.09,0.0,1.65
66.22000000020489,66.23333333333333,0.013333333128443314,63,16,1,wheel stop,wheel stop,6.2,-1.8,6.2,0.9,0.7,0.0,0.7,0.0,0.0,0.0,0.0,0.0
66.27000000020489,66.28333333333333,0.013333333128443314,64,17,0,servo front_left_hip 14.5,servo front_left_hip 14.5,14.5,-1.8,6.2,0.9,0.7,0.0,0.7,0.0,0.0,0.0,0.0,0.0
66.31700000022538,66.33333333333333,0.016333333107951375,65,17,1,servo front_left_hip 17.3,servo front_left_hip 17.3,17.3,-1.8,6.2,0.9,0.7,0.0,0.7,0.0,0.0,0.0,0.0,0.0
66.4730000001844,66.48333333333333,0.010333333148935253,66,17,2,servo front_left_hip 18.7,servo front_left_hip 18.7,18.7,-1.8,6.2,0.9,0.7,0.0,0.7,0.0,0.0,0.0,0.0,0.0
66.53600000026636,66.55,0.013999999733641744,67,17,3,servo front_left_hip 20.1,servo front_left_hip 20.1,20.1,-1.8,6.2,0.9,0.7,0.0,0.7,0.0,0.0,0.0,0.0,0.0
66.81700000022538,66.83333333333333,0.016333333107951375,68,17,4,servo front_left_hip 22.8,servo front_left_hip 22.8,22.8,-1.8,6.2,0.9,0.7,0.0,0.7,0.0,0.0,0.0,0.0,0.0
67.08300000028684,67.08333333333333,0.00033333304648408557,69,17,5,servo front_left_hip 24.2,servo front_left_hip 24.2,24.2,-1.8,6.2,0.9,0.7,0.0,0.7,0.0,0.0,0.0,0.0,0.0
67.83300000028684,67.83333333333333,0.00033333304648408557,70,17,6,servo front_left_knee 14.8,servo front_left_knee 14.8,24.2,14.8,6.2,0.9,0.7,0.0,0.7,0.0,0.0,0.0,0.0,0.0
67.87900000037625,67.88333333333333,0.004333332957074276,71,17,7,servo front_left_knee 23.1,servo front_left_knee 23.1,24.2,23.1,6.2,0.9,0.7,0.0,0.7,0.0,0.0,0.0,0.0,0.0
67.92900000037625,67.93333333333334,0.004333332957088487,72,18,0,servo front_right_hip 4.8,servo front_right_hip 4.8,24.2,23.1,4.8,0.9,0.7,0.0,0.7,0.0,0.0,0.0,0.0,0.0
68.25700000035576,68.26666666666667,0.00966666631090618,73,18,1,servo front_right_hip 6.2,servo front_right_hip 6.2,24.2,23.1,6.2,0.9,0.7,0.0,0.7,0.0,0.0,0.0,0.0,0.0
68.38200000035576,68.38333333333333,0.001333332977566215,74,18,2,servo front_right_hip 9,servo front_right_hip 9,24.2,23.1,9.0,0.9,0.7,0.0,0.7,0.0,0.0,0.0,0.0,0.0
68.58500000033527,68.6,0.014999999664723873,75,18,3,servo front_right_hip 10.4,servo front_right_hip 10.4,24.2,23.1,10.4,0.9,0.7,0.0,0.7,0.0,0.0,0.0,0.0,0.0
68.91300000031478,68.91666666666667,0.0036666663518900577,76,18,4,servo front_right_hip 11.8,servo front_right_hip 11.8,24.2,23.1,11.8,0.9,0.7,0.0,0.7,0.0,0.0,0.0,0.0,0.0
69.00700000035576,69.01666666666667,0.00966666631090618,77,18,5,servo front_right_hip 13.2,servo front_right_hip 13.2,24.2,23.1,13.2,0.9,0.7,0.0,0.7,0.0,0.0,0.0,0.0,0.0
69.05700000035576,69.06666666666666,0.00966666631090618,78,19,0,servo rear_left_hip -4.8,servo rear_left_hip -4.8,24.2,23.1,13.2,0.9,-4.8,0.0,0.7,0.0,0.0,0.0,0.0,0.0
69.12000000043771,69.13333333333333,0.01333333289561267,79,19,1,servo rear_left_hip -6.2,servo rear_left_hip -6.2,24.2,23.1,13.2,0.9,-6.2,0.0,0.7,0.0,0.0,0.0,0.0,0.0
69.37000000043771,69.38333333333333,0.01333333289561267,80,19,2,servo rear_left_hip -10.4,servo rear_left_hip -10.4,24.2,23.1,13.2,0.9,-10.4,0.0,0.7,0.0,0.0,0.0,0.0,0.0
69.43200000035576,69.43333333333334,0.001333332977580426,81,19,3,servo rear_left_hip -11.8,servo rear_left_hip -11.8,24.2,23.1,13.2,0.9,-11.8,0.0,0.7,0.0,0.0,0.0,0.0,0.0
69.93200000035576,69.93333333333334,0.001333332977580426,82,19,4,servo rear_left_hip -6.2,servo rear_left_hip -6.2,24.2,23.1,13.2,0.9,-6.2,0.0,0.7,0.0,0.0,0.0,0.0,0.0
69.99500000043771,70.0,0.0049999995622869164,83,19,5,servo rear_left_hip -4.8,servo rear_left_hip -4.8,24.2,23.1,13.2,0.9,-4.8,0.0,0.7,0.0,0.0,0.0,0.0,0.0
70.05700000035576,70.06666666666666,0.00966666631090618,84,19,6,servo rear_left_hip 0.7,servo rear_left_hip 0.7,24.2,23.1,13.2,0.9,0.7,0.0,0.7,0.0,0.0,0.0,0.0,0.0
70.16600000052712,70.16666666666667,0.0006666661395513529,85,19,7,servo rear_left_hip 2.1,servo rear_left_hip 2.1,24.2,23.1,13.2,0.9,2.1,0.0,0.7,0.0,0.0,0.0,0.0,0.0
70.32300000041722,70.33333333333333,0.01033333291610461,86,19,8,servo rear_left_hip 7.6,servo rear_left_hip 7.6,24.2,23.1,13.2,0.9,7.6,0.0,0.7,0.0,0.0,0.0,0.0,0.0
70.62000000043771,70.63333333333333,0.01333333289561267,87,19,9,servo rear_left_hip 15.9,servo rear_left_hip 15.9,24.2,23.1,13.2,0.9,15.9,0.0,0.7,0.0,0.0,0.0,0.0,0.0
70.69800000041722,70.7,0.0019999995827788553,88,19,10,servo rear_left_hip 17.3,servo rear_left_hip 17.3,24.2,23.1,13.2,0.9,17.3,0.0,0.7,0.0,0.0,0.0,0.0,0.0
70.87000000043771,70.88333333333333,0.01333333289561267,89,19,11,servo rear_left_hip 21.5,servo rear_left_hip 21.5,24.2,23.1,13.2,0.9,21.5,0.0,0.7,0.0,0.0,0.0,0.0,0.0
70.94800000041722,70.95,0.0019999995827788553,90,19,12,servo rear_left_hip 22.8,servo rear_left_hip 22.8,24.2,23.1,13.2,0.9,22.8,0.0,0.7,0.0,0.0,0.0,0.0,0.0
71.22900000037625,71.23333333333333,0.004333332957088487,91,19,13,servo rear_left_hip 24.2,servo rear_left_hip 24.2,24.2,23.1,13.2,0.9,24.2,0.0,0.7,0.0,0.0,0.0,0.0,0.0
71.27900000037624,71.28333333333333,0.004333332957088487,92,20,0,servo rear_right_hip 2.1,servo rear_right_hip 2.1,24.2,23.1,13.2,0.9,24.2,0.0,2.1,0.0,0.0,0.0,0.0,0.0
71.37200000048614,71.38333333333333,0.011333332847186739,93,20,1,servo rear_right_hip 21.5,servo rear_right_hip 21.5,24.2,23.1,13.2,0.9,24.2,0.0,21.5,0.0,0.0,0.0,0.0,0.0
71.56000000033526,71.56666666666666,0.006666666331398119,94,20,2,servo rear_right_hip 29.8,servo rear_right_hip 29.8,24.2,23.1,13.2,0.9,24.2,0.0,29.8,0.0,0.0,0.0,0.0,0.0
72.95100000039673,72.96666666666667,0.015666666269936513,95,20,3,servo rear_right_knee -18.5,servo rear_right_knee -18.5,24.2,23.1,13.2,0.9,24.2,0.0,29.8,-18.5,0.0,0.0,0.0,0.0
73.04400000050663,73.05,0.005999999493369046,96,20,4,servo rear_right_knee -44.8,servo rear_right_knee -44.8,24.2,23.1,13.2,0.9,24.2,0.0,29.8,-44.8,0.0,0.0,0.0,0.0
73.09100000029429,73.1,0.00899999970570775,97,20,5,servo rear_right_knee -60,servo rear_right_knee -60,24.2,23.1,13.2,0.9,24.2,0.0,29.8,-60.0,0.0,0.0,0.0,0.0
73.77900000037624,73.78333333333333,0.004333332957088487,98,20,6,servo rear_right_knee -57.2,servo rear_right_knee -57.2,24.2,23.1,13.2,0.9,24.2,0.0,29.8,-57.2,0.0,0.0,0.0,0.0
74.31000000033526,74.31666666666666,0.006666666331398119,99,20,7,servo rear_right_knee -48.9,servo rear_right_knee -48.9,24.2,23.1,13.2,0.9,24.2,0.0,29.8,-48.9,0.0,0.0,0.0,0.0
74.37200000048614,74.38333333333333,0.011333332847186739,100,20,8,servo rear_right_knee -44.8,servo rear_right_knee -44.8,24.2,23.1,13.2,0.9,24.2,0.0,29.8,-44.8,0.0,0.0,0.0,0.0
74.42200000048614,74.43333333333334,0.01133333284720095,101,21,0,wheel all 0.3,wheel all 0.3,24.2,23.1,13.2,0.9,24.2,0.0,29.8,-44.8,0.3,0.3,0.3,0.3
91.20300000044516,91.21666666666667,0.013666666221510582,102,21,1,wheel stop,wheel stop,24.2,23.1,13.2,0.9,24.2,0.0,29.8,-44.8,0.0,0.0,0.0,0.0
91.25300000044516,91.26666666666667,0.013666666221510582,103,22,0,servo_wheel launch,servo front_left_hip 24.2 | servo front_left_knee 3.7 | servo front_right_hip 13.2 | servo front_right_knee 0.9 | servo rear_left_hip 24.2 | servo rear_left_knee 12 | servo rear_right_hip 29.8 | servo rear_right_knee -44.8 | wheel fl -2.09 | wheel fr 0 | wheel rl -1.14 | wheel rr 0,24.2,3.7,13.2,0.9,24.2,12.0,29.8,-44.8,-2.09,0.0,-1.14,0.0
91.83100000042467,91.83333333333333,0.0023333329086625554,104,22,1,wheel stop,wheel stop,24.2,3.7,13.2,0.9,24.2,12.0,29.8,-44.8,0.0,0.0,0.0,0.0
91.88100000042466,91.88333333333333,0.0023333329086625554,105,23,0,servo front_left_hip 17.3,servo front_left_hip 17.3,17.3,3.7,13.2,0.9,24.2,12.0,29.8,-44.8,0.0,0.0,0.0,0.0
91.95900000040417,91.96666666666667,0.007666666262494459,106,23,1,servo front_left_hip 13.2,servo front_left_hip 13.2,13.2,3.7,13.2,0.9,24.2,12.0,29.8,-44.8,0.0,0.0,0.0,0.0
92.02200000048613,92.03333333333333,0.01133333284720095,107,23,2,servo front_left_hip 7.6,servo front_left_hip 7.6,7.6,3.7,13.2,0.9,24.2,12.0,29.8,-44.8,0.0,0.0,0.0,0.0
92.10000000046564,92.1,0.0,108,23,3,servo front_left_hip 4.8,servo front_left_hip 4.8,4.8,3.7,13.2,0.9,24.2,12.0,29.8,-44.8,0.0,0.0,0.0,0.0
92.24000000059603,92.25,0.009999999403973447,109,23,4,servo front_left_hip 0.7,servo front_left_hip 0.7,0.7,3.7,13.2,0.9,24.2,12.0,29.8,-44.8,0.0,0.0,0.0,0.0
92.72500000046564,92.73333333333333,0.008333332867692889,110,23,5,servo front_left_hip 11.8,servo front_left_hip 11.8,11.8,3.7,13.2,0.9,24.2,12.0,29.8,-44.8,0.0,0.0,0.0,0.0
92.81800000057554,92.83333333333333,0.01533333275779114,111,23,6,servo front_left_hip 15.9,servo front_left_hip 15.9,15.9,3.7,13.2,0.9,24.2,12.0,29.8,-44.8,0.0,0.0,0.0,0.0
93.11500000059603,93.11666666666666,0.0016666660706334824,112,23,7,servo front_left_hip 22.8,servo front_left_hip 22.8,22.8,3.7,13.2,0.9,24.2,12.0,29.8,-44.8,0.0,0.0,0.0,0.0
93.16200000038369,93.16666666666667,0.004666666282986398,113,23,8,servo front_left_hip 27,servo front_left_hip 27,27.0,3.7,13.2,0.9,24.2,12.0,29.8,-44.8,0.0,0.0,0.0,0.0
93.22500000046564,93.23333333333333,0.008333332867692889,114,23,9,servo front_left_hip 28.4,servo front_left_hip 28.4,28.4,3.7,13.2,0.9,24.2,12.0,29.8,-44.8,0.0,0.0,0.0,0.0
93.28700000038369,93.3,0.012999999616312152,115,23,10,servo front_left_hip 29.8,servo front_left_hip 29.8,29.8,3.7,13.2,0.9,24.2,12.0,29.8,-44.8,0.0,0.0,0.0,0.0
93.56800000057554,93.58333333333333,0.01533333275779114,116,23,11,servo front_left_hip 33.9,servo front_left_hip 33.9,33.9,3.7,13.2,0.9,24.2,12.0,29.8,-44.8,0.0,0.0,0.0,0.0
94.02200000048613,94.03333333333333,0.01133333284720095,117,23,12,servo front_left_hip 35.3,servo front_left_hip 35.3,35.3,3.7,13.2,0.9,24.2,12.0,29.8,-44.8,0.0,0.0,0.0,0.0
95.31800000057554,95.33333333333333,0.01533333275779114,118,23,13,servo front_right_hip 20.1,servo front_right_hip 20.1,35.3,3.7,20.1,0.9,24.2,12.0,29.8,-44.8,0.0,0.0,0.0,0.0
95.35000000046564,95.35,0.0,119,23,14,servo front_right_hip 24.2,servo front_right_hip 24.2,35.3,3.7,24.2,0.9,24.2,12.0,29.8,-44.8,0.0,0.0,0.0,0.0
95.44300000057554,95.45,0.006999999424465386,120,23,15,servo front_right_hip 27,servo front_right_hip 27,35.3,3.7,27.0,0.9,24.2,12.0,29.8,-44.8,0.0,0.0,0.0,0.0
95.52200000048613,95.53333333333333,0.01133333284720095,121,23,16,servo front_right_hip 29.8,servo front_right_hip 29.8,35.3,3.7,29.8,0.9,24.2,12.0,29.8,-44.8,0.0,0.0,0.0,0.0
95.60000000046564,95.6,0.0,122,23,17,servo front_right_hip 31.2,servo front_right_hip 31.2,35.3,3.7,31.2,0.9,24.2,12.0,29.8,-44.8,0.0,0.0,0.0,0.0
96.67800000044515,96.68333333333334,0.005333332888184827,123,23,18,servo front_right_hip 32.5,servo front_right_hip 32.5,35.3,3.7,32.5,0.9,24.2,12.0,29.8,-44.8,0.0,0.0,0.0,0.0
96.72800000044515,96.73333333333333,0.005333332888184827,124,24,0,servo_wheel launch,servo front_left_hip 35.3 | servo front_left_knee -11.5 | servo front_right_hip 32.5 | servo front_right_knee -15.7 | servo rear_left_hip 24.2 | servo rear_left_knee 12 | servo rear_right_hip -0.7 | servo rear_right_knee -44.8 | wheel fl -1.13 | wheel fr -1.09 | wheel rl 0 | wheel rr 2.0944,35.3,-11.5,32.5,-15.7,24.2,12.0,-0.7,-44.8,-1.13,-1.09,0.0,2.0944
97.50900000040417,97.51666666666667,0.007666666262494459,125,24,1,wheel stop,wheel stop,35.3,-11.5,32.5,-15.7,24.2,12.0,-0.7,-44.8,0.0,0.0,0.0,0.0
97.55900000040417,97.56666666666666,0.007666666262494459,126,25,0,servo_wheel launch,servo front_left_hip 35.3 | servo front_left_knee -11.5 | servo front_right_hip 32.5 | servo front_right_knee -15.7 | servo rear_left_hip -0.7 | servo rear_left_knee 12 | servo rear_right_hip -0.7 | servo rear_right_knee -44.8 | wheel fl 0 | wheel fr 0 | wheel rl 0.58 | wheel rr 0,35.3,-11.5,32.5,-15.7,-0.7,12.0,-0.7,-44.8,0.0,0.0,0.58,0.0
98.13700000038368,98.15,0.012999999616326363,127,25,1,wheel stop,wheel stop,35.3,-11.5,32.5,-15.7,-0.7,12.0,-0.7,-44.8,0.0,0.0,0.0,0.0
98.18700000038368,98.2,0.012999999616326363,128,26,0,servo_wheel launch,servo front_left_hip 35.3 | servo front_left_knee -11.5 | servo front_right_hip 32.5 | servo front_right_knee -15.7 | servo rear_left_hip -0.7 | servo rear_left_knee 20.3 | servo rear_right_hip -0.7 | servo rear_right_knee -44.8 | wheel fl 0 | wheel fr 0 | wheel rl -1.11 | wheel rr 0,35.3,-11.5,32.5,-15.7,-0.7,20.3,-0.7,-44.8,0.0,0.0,-1.11,0.0
98.89000000036319,98.9,0.009999999636818302,129,26,1,wheel stop,wheel stop,35.3,-11.5,32.5,-15.7,-0.7,20.3,-0.7,-44.8,0.0,0.0,0.0,0.0
98.94000000036318,98.95,0.009999999636818302,130,27,0,servo front_right_knee -14.3,servo front_right_knee -14.3,35.3,-11.5,32.5,-14.3,-0.7,20.3,-0.7,-44.8,0.0,0.0,0.0,0.0
99.17400000030172,99.18333333333334,0.009333333031619873,131,27,1,servo front_right_knee 2.3,servo front_right_knee 2.3,35.3,-11.5,32.5,2.3,-0.7,20.3,-0.7,-44.8,0.0,0.0,0.0,0.0
100.3460000003222,100.35,0.003999999677787969,132,27,2,servo front_right_knee 7.8,servo front_right_knee 7.8,35.3,-11.5,32.5,7.8,-0.7,20.3,-0.7,-44.8,0.0,0.0,0.0,0.0
100.3960000003222,100.4,0.00399999967780218,133,28,0,servo rear_left_knee 21.7,servo rear_left_knee 21.7,35.3,-11.5,32.5,7.8,-0.7,21.7,-0.7,-44.8,0.0,0.0,0.0,0.0
100.49000000036318,100.5,0.009999999636818302,134,28,1,servo rear_left_knee 41.1,servo rear_left_knee 41.1,35.3,-11.5,32.5,7.8,-0.7,41.1,-0.7,-44.8,0.0,0.0,0.0,0.0
100.55200000051406,100.56666666666666,0.014666666152606922,135,28,2,servo rear_left_knee 43.8,servo rear_left_knee 43.8,35.3,-11.5,32.5,7.8,-0.7,43.8,-0.7,-44.8,0.0,0.0,0.0,0.0
100.67700000051406,100.68333333333334,0.006333332819281168,136,28,3,servo rear_left_knee 45.2,servo rear_left_knee 45.2,35.3,-11.5,32.5,7.8,-0.7,45.2,-0.7,-44.8,0.0,0.0,0.0,0.0
100.72700000051405,100.73333333333333,0.006333332819281168,137,29,0,servo_wheel launch,servo front_left_hip 35.3 | servo front_left_knee -11.5 | servo front_right_hip 32.5 | servo front_right_knee 7.8 | servo rear_left_hip -0.7 | servo rear_left_knee 45.2 | servo rear_right_hip -35.3 | servo rear_right_knee -44.8 | wheel fl 0 | wheel fr 0 | wheel rl 0 | wheel rr 1.96,35.3,-11.5,32.5,7.8,-0.7,45.2,-35.3,-44.8,0.0,0.0,0.0,1.96
101.46200000038367,101.46666666666667,0.004666666283000609,138,29,1,wheel stop,wheel stop,35.3,-11.5,32.5,7.8,-0.7,45.2,-35.3,-44.8,0.0,0.0,0.0,0.0
101.51200000038367,101.51666666666667,0.004666666283000609,139,30,0,wheel all -0.3,wheel all -0.3,35.3,-11.5,32.5,7.8,-0.7,45.2,-35.3,-44.8,-0.3,-0.3,-0.3,-0.3
105.4960000003222,105.5,0.00399999967780218,140,30,1,wheel stop,wheel stop,35.3,-11.5,32.5,7.8,-0.7,45.2,-35.3,-44.8,0.0,0.0,0.0,0.0
105.5460000003222,105.55,0.00399999967780218,141,31,0,wheel all -0.3,wheel all -0.3,35.3,-11.5,32.5,7.8,-0.7,45.2,-35.3,-44.8,-0.3,-0.3,-0.3,-0.3
109.51400000043209,109.51666666666667,0.0026666662345746772,142,31,1,wheel stop,wheel stop,35.3,-11.5,32.5,7.8,-0.7,45.2,-35.3,-44.8,0.0,0.0,0.0,0.0
109.56400000043209,109.56666666666666,0.0026666662345746772,143,32,0,servo_wheel launch,servo front_left_hip -32.5 | servo front_left_knee -39.2 | servo front_right_hip 32.5 | servo front_right_knee 7.8 | servo rear_left_hip -0.7 | servo rear_left_knee 45.2 | servo rear_right_hip -35.3 | servo rear_right_knee -44.8 | wheel fl -2.09 | wheel fr 0 | wheel rl 0 | wheel rr 0,-32.5,-39.2,32.5,7.8,-0.7,45.2,-35.3,-44.8,-2.09,0.0,0.0,0.0
112.00200000028121,112.01666666666667,0.014666666385451776,144,32,1,wheel stop,wheel stop,-32.5,-39.2,32.5,7.8,-0.7,45.2,-35.3,-44.8,0.0,0.0,0.0,0.0
112.05200000028121,112.06666666666666,0.014666666385451776,145,33,0,servo rear_right_hip -31.2,servo rear_right_hip -31.2,-32.5,-39.2,32.5,7.8,-0.7,45.2,-31.2,-44.8,0.0,0.0,0.0,0.0
112.11500000036317,112.11666666666666,0.0016666663034925477,146,33,1,servo rear_right_hip -27,servo rear_right_hip -27,-32.5,-39.2,32.5,7.8,-0.7,45.2,-27.0,-44.8,0.0,0.0,0.0,0.0
112.17700000028121,112.18333333333334,0.006333333052126022,147,33,2,servo rear_right_hip -25.6,servo rear_right_hip -25.6,-32.5,-39.2,32.5,7.8,-0.7,45.2,-25.6,-44.8,0.0,0.0,0.0,0.0
112.24000000036317,112.25,0.009999999636832513,148,33,3,servo rear_right_hip -24.2,servo rear_right_hip -24.2,-32.5,-39.2,32.5,7.8,-0.7,45.2,-24.2,-44.8,0.0,0.0,0.0,0.0
112.58300000047306,112.58333333333333,0.0003333328602650454,149,33,4,servo rear_right_hip -22.8,servo rear_right_hip -22.8,-32.5,-39.2,32.5,7.8,-0.7,45.2,-22.8,-44.8,0.0,0.0,0.0,0.0
112.66100000045257,112.66666666666667,0.005666666214096949,150,33,5,servo rear_right_hip -20.1,servo rear_right_hip -20.1,-32.5,-39.2,32.5,7.8,-0.7,45.2,-20.1,-44.8,0.0,0.0,0.0,0.0
112.8490000003017,112.85,0.0009999996982941184,151,33,6,servo rear_right_hip -17.3,servo rear_right_hip -17.3,-32.5,-39.2,32.5,7.8,-0.7,45.2,-17.3,-44.8,0.0,0.0,0.0,0.0
113.33300000047306,113.33333333333333,0.0003333328602650454,152,33,7,servo rear_right_hip -14.5,servo rear_right_hip -14.5,-32.5,-39.2,32.5,7.8,-0.7,45.2,-14.5,-44.8,0.0,0.0,0.0,0.0
113.44300000034268,113.45,0.006999999657324452,153,33,8,servo rear_right_hip -13.2,servo rear_right_hip -13.2,-32.5,-39.2,32.5,7.8,-0.7,45.2,-13.2,-44.8,0.0,0.0,0.0,0.0
113.80200000028121,113.81666666666666,0.014666666385451776,154,33,9,servo rear_right_hip -9,servo rear_right_hip -9,-32.5,-39.2,32.5,7.8,-0.7,45.2,-9.0,-44.8,0.0,0.0,0.0,0.0
113.85200000028121,113.86666666666666,0.014666666385451776,155,34,0,wheel all 0.3,wheel all 0.3,-32.5,-39.2,32.5,7.8,-0.7,45.2,-9.0,-44.8,0.3,0.3,0.3,0.3
133.30500000026072,133.31666666666666,0.011666666405943715,156,34,1,wheel stop,wheel stop,-32.5,-39.2,32.5,7.8,-0.7,45.2,-9.0,-44.8,0.0,0.0,0.0,0.0
133.35500000026073,133.36666666666667,0.011666666405943715,157,35,0,servo_wheel launch,servo front_left_hip 0.7 | servo front_left_knee 0.9 | servo front_right_hip 0.7 | servo front_right_knee 2.3 | servo rear_left_hip -0.7 | servo rear_left_knee 0.9 | servo rear_right_hip -0.7 | servo rear_right_knee -6 | wheel fl 2.0944 | wheel fr -2.09 | wheel rl 2.0944 | wheel rr -2.09,0.7,0.9,0.7,2.3,-0.7,0.9,-0.7,-6.0,2.0944,-2.09,2.0944,-2.09
134.18300000024024,134.18333333333334,0.00033333309309568904,158,35,1,wheel stop,wheel stop,0.7,0.9,0.7,2.3,-0.7,0.9,-0.7,-6.0,0.0,0.0,0.0,0.0
