time_s,env_id,base_x_m,pitch_rad,pitch_rate_rad_s,margin_m,fsm_phase,action_l2,reward,roll_rad,fl_contact_state,fr_contact_state,rl_contact_state,rr_contact_state,fl_contact_force_n,fr_contact_force_n,rl_contact_force_n,rr_contact_force_n,fl_contact_upward_force_n,fr_contact_upward_force_n,rl_contact_upward_force_n,rr_contact_upward_force_n,fl_full_wheel_on_top,fr_full_wheel_on_top,rl_full_wheel_on_top,rr_full_wheel_on_top,all_wheels_on_top,support_score,fl_wheel_y_m,fr_wheel_y_m,rl_wheel_y_m,rr_wheel_y_m,fl_wheel_x_m,fl_wheel_z_m,fr_wheel_x_m,fr_wheel_z_m,rl_wheel_x_m,rl_wheel_z_m,rr_wheel_x_m,rr_wheel_z_m,fl_load_trim_z_m,fr_load_trim_z_m,fl_unload_trim_m,fr_unload_trim_m,rl_unload_trim_m,rr_unload_trim_m,reference_00,reference_01,reference_02,reference_03,reference_04,reference_05,reference_06,reference_07,reference_08,reference_09,reference_10,reference_11
0.0,0,0.023341462016105652,-0.013022538274526596,0.11482547223567963,0.2811872363090515,0.0,0.6115152835845947,-1.7035406827926636,0.0011024805717170238,1,1,1,1,12.714151382446289,3.8829269409179688,7.918721675872803,0.0,12.714151382446289,3.8829269409179688,7.918721675872803,0.0,0,0,0,0,0,0.9998812675476074,0.08114944398403168,-0.3171718716621399,0.07888796180486679,-0.31741735339164734,0.2740977704524994,0.03834109753370285,0.2775287330150604,0.03980577737092972,-0.2972661554813385,0.048968832939863205,-0.29712435603141785,0.0495038703083992,0.0,0.0,0.0,0.0,0.0,0.0,0.0,0.0,1.0,0.0,-0.0,1.0,-0.0,-0.9999998807907104,0.30000001192092896,0.30000001192092896,0.30000001192092896,0.30000001192092896
0.05,0,0.01539851538836956,-0.025462055578827858,0.11553030461072922,0.2831089198589325,0.0,0.35966116189956665,-0.21055251359939575,0.00842971634119749,1,1,1,1,0.0,14.470070838928223,17.350555419921875,0.5359614491462708,0.0,14.470070838928223,17.350555419921875,0.5359614491462708,0,0,0,0,0,0.9999774694442749,0.08045728504657745,-0.31788158416748047,0.07873021811246872,-0.31759217381477356,0.26761409640312195,0.049499914050102234,0.2716085612773895,0.04914311319589615,-0.2986336052417755,0.049113769084215164,-0.2986569106578827,0.049434710294008255,0.0,0.0,0.0,0.0,0.0,0.0,0.0,0.0,1.0,0.0,-0.0,1.0,-0.0,-0.9999998807907104,0.30000001192092896,0.30000001192092896,0.30000001192092896,0.30000001192092896
0.1,0,0.013719988986849785,-0.021792633458971977,0.06414193660020828,0.2840037941932678,0.0,0.8241164684295654,-0.02569754421710968,0.012607072480022907,1,1,1,1,0.0,14.153322219848633,14.439704895019531,0.0,0.0,14.153322219848633,14.439704895019531,0.0,0,0,0,0,0,0.9999892711639404,0.0802849531173706,-0.318073570728302,0.07851333171129227,-0.3178444802761078,0.26626265048980713,0.04980502277612686,0.2715737521648407,0.04922419413924217,-0.2982634902000427,0.0489698126912117,-0.29683172702789307,0.050019361078739166,0.0,0.0,0.0,0.0,0.0,0.0,0.0,0.0,1.0,0.0,-0.0,1.0,-0.0,-0.9999998807907104,0.30000001192092896,0.30000001192092896,0.30000001192092896,0.30000001192092896
0.15,0,0.01366893108934164,-0.021107900887727737,0.013104408979415894,0.28410300612449646,0.0,0.739499568939209,-0.007207607384771109,0.017281679436564445,1,1,1,1,0.0,14.409021377563477,15.677532196044922,0.0,0.0,14.409021377563477,15.677532196044922,0.0,0,0,0,0,0,0.9999923706054688,0.0800519734621048,-0.3183102607727051,0.0782855823636055,-0.3181191384792328,0.26658114790916443,0.051223739981651306,0.27198004722595215,0.04939085245132446,-0.2974884510040283,0.048776037991046906,-0.29379400610923767,0.04996104538440704,0.0,0.0,0.0,0.0,0.0,0.0,0.0,0.0,1.0,0.0,-0.0,1.0,-0.0,-0.9999998807907104,0.30000001192092896,0.30000001192092896,0.30000001192092896,0.30000001192092896
0.2,0,0.013689455576241016,-0.02010643295943737,0.033549461513757706,0.284218966960907,0.0,0.8280742168426514,0.013257118873298168,0.021265508607029915,1,1,1,1,0.0,13.902658462524414,14.721237182617188,0.0,0.0,13.902658462524414,14.721237182617188,0.0,0,0,0,0,0,0.9999912977218628,0.07985404878854752,-0.3185057044029236,0.07808558642864227,-0.3183709979057312,0.2668754458427429,0.05259646102786064,0.2724084258079529,0.04954594373703003,-0.29682689905166626,0.04882918670773506,-0.2917743921279907,0.05048397183418274,0.0,0.0,0.0,0.0,0.0,0.0,0.0,0.0,1.0,0.0,-0.0,1.0,-0.0,-0.9999998807907104,0.30000001192092896,0.30000001192092896,0.30000001192092896,0.30000001192092896
0.25,0,0.014055340550839901,-0.019760599359869957,0.01834084466099739,0.2842131555080414,0.0,0.8270314931869507,0.011403820477426052,0.023847613483667374,1,1,1,1,0.0,13.985916137695312,14.680642127990723,0.0,0.0,13.985916137695312,14.680642127990723,0.0,0,0,0,0,0,0.99998939037323,0.07972203195095062,-0.3186332583427429,0.0779576525092125,-0.31853508949279785,0.2674083411693573,0.05355039983987808,0.272922545671463,0.04968658834695816,-0.2960737943649292,0.04888134449720383,-0.2901753783226013,0.05073307082056999,0.0,0.0,0.0,0.0,0.0,0.0,0.0,0.0,1.0,0.0,-0.0,1.0,-0.0,-0.9999998807907104,0.30000001192092896,0.30000001192092896,0.30000001192092896,0.30000001192092896
0.3,0,0.014619125053286552,-0.019055450335144997,0.02786816842854023,0.28410786390304565,0.0,0.8807934522628784,0.0022075632587075233,0.02569405362010002,1,1,1,1,0.0,13.9804105758667,14.634926795959473,0.0,0.0,13.9804105758667,14.634926795959473,0.0,0,0,0,0,0,0.9999876022338867,0.07962427288293839,-0.31872716546058655,0.07785950601100922,-0.31867098808288574,0.26809439063072205,0.054233305156230927,0.27351438999176025,0.04982098564505577,-0.2952660620212555,0.048924755305051804,-0.28878673911094666,0.051303889602422714,0.0,0.0,0.0,0.0,0.0,0.0,0.0,0.0,1.0,0.0,-0.0,1.0,-0.0,-0.9999998807907104,0.30000001192092896,0.30000001192092896,0.30000001192092896,0.30000001192092896
0.35,0,0.015333202667534351,-0.01815005950629711,0.03562527894973755,0.2839330732822418,0.0,0.8872206211090088,-0.0031943374779075384,0.026319554075598717,1,1,1,1,0.0,14.028193473815918,14.645026206970215,0.0,0.0,14.028193473815918,14.645026206970215,0.0,0,0,0,0,0,0.9999868869781494,0.07960126549005508,-0.3187491297721863,0.07782634347677231,-0.3187311291694641,0.26887035369873047,0.05449771136045456,0.27416467666625977,0.0499362014234066,-0.2944076955318451,0.04895804077386856,-0.28754711151123047,0.05199727416038513,0.0,0.0,0.0,0.0,0.0,0.0,0.0,0.0,1.0,0.0,-0.0,1.0,-0.0,-0.9999998807907104,0.30000001192092896,0.30000001192092896,0.30000001192092896,0.30000001192092896
0.4,0,0.016189251095056534,-0.016649436205625534,0.05247051268815994,0.2836756408214569,0.0,0.9191708564758301,-0.010689069516956806,0.025727493688464165,1,1,1,1,0.0,14.14208698272705,14.799715995788574,0.0,0.0,14.14208698272705,14.799715995788574,0.0,0,0,0,0,0,0.9999876022338867,0.07962504029273987,-0.31872838735580444,0.07784769684076309,-0.3187295198440552,0.26974189281463623,0.05431071296334267,0.2748870551586151,0.05002965033054352,-0.29348915815353394,0.048980943858623505,-0.2863590121269226,0.05303877964615822,0.0,0.0,0.0,0.0,0.0,0.0,0.0,0.0,1.0,0.0,-0.0,1.0,-0.0,-0.9999998807907104,0.30000001192092896,0.30000001192092896,0.30000001192092896,0.30000001192092896
0.45,0,0.017019957304000854,-0.015443778596818447,0.020815052092075348,0.2834683954715729,0.0,0.9210830330848694,0.0013808868825435638,0.025492435321211815,1,1,1,1,0.0,14.309423446655273,14.37969970703125,0.0,0.0,14.309423446655273,14.37969970703125,0.0,0,0,0,0,0,0.9999878406524658,0.07963539659976959,-0.31871870160102844,0.07785332202911377,-0.3187412917613983,0.2705785930156708,0.05429853871464729,0.27560660243034363,0.05011999234557152,-0.29263246059417725,0.049099765717983246,-0.285295695066452,0.05393005907535553,0.0,0.0,0.0,0.0,0.0,0.0,0.0,0.0,1.0,0.0,-0.0,1.0,-0.0,-0.9999998807907104,0.30000001192092896,0.30000001192092896,0.30000001192092896,0.30000001192092896
0.5,0,0.01767686754465103,-0.015878038480877876,0.004178235772997141,0.28345510363578796,0.0,0.9176651835441589,0.009370588697493076,0.02706555649638176,1,1,1,1,0.0,14.072978019714355,14.796725273132324,0.0,0.0,14.072978019714355,14.796725273132324,0.0,0,0,0,0,0,0.9999861121177673,0.0795605331659317,-0.3187873363494873,0.07777200639247894,-0.3188421428203583,0.27129873633384705,0.05496753752231598,0.27624550461769104,0.050222672522068024,-0.2918872833251953,0.049170028418302536,-0.28445422649383545,0.053834982216358185,0.0,0.0,0.0,0.0,0.0,0.0,0.0,0.0,1.0,0.0,-0.0,1.0,-0.0,-0.9999998807907104,0.30000001192092896,0.30000001192092896,0.30000001192092896,0.30000001192092896
0.55,0,0.01827974244952202,-0.01640688069164753,0.002801382914185524,0.2834942042827606,0.0,0.9237063527107239,0.007662846706807613,0.02862447313964367,1,1,1,1,0.0,14.030261039733887,14.70075798034668,0.0,0.0,14.030261039733887,14.70075798034668,0.0,0,0,0,0,0,0.9999842643737793,0.0794781818985939,-0.31886425614356995,0.07768722623586655,-0.3189416229724884,0.2719558775424957,0.055577583611011505,0.2768716514110565,0.05031488463282585,-0.29117637872695923,0.04928635433316231,-0.28376907110214233,0.053628552705049515,0.0,0.0,0.0,0.0,0.0,0.0,0.0,0.0,1.0,0.0,-0.0,1.0,-0.0,-0.9999998807907104,0.30000001192092896,0.30000001192092896,0.30000001192092896,0.30000001192092896
0.6,0,0.018945522606372833,-0.016898317262530327,0.005122086498886347,0.2835101783275604,0.0,0.9311107397079468,0.004638794809579849,0.029966382309794426,1,1,1,1,0.0,14.081442832946777,14.663521766662598,0.0,0.0,14.081442832946777,14.663521766662598,0.0,0,0,0,0,0,0.999982476234436,0.07941608130931854,-0.31892067193984985,0.07761852443218231,-0.3190224766731262,0.27266713976860046,0.05611984431743622,0.27753591537475586,0.05039631947875023,-0.29044216871261597,0.049396831542253494,-0.2830198109149933,0.053441260010004044,0.0,0.0,0.0,0.0,0.0,0.0,0.0,0.0,1.0,0.0,-0.0,1.0,-0.0,-0.9999998807907104,0.30000001192092896,0.30000001192092896,0.30000001192092896,0.30000001192092896
0.65,0,0.019665859639644623,-0.017212925478816032,0.009391454048454762,0.2835049033164978,0.0,0.9323136210441589,0.0026332703419029713,0.030894413590431213,1,1,1,1,0.0,14.07783317565918,14.651494979858398,0.0,0.0,14.07783317565918,14.651494979858398,0.0,0,0,0,0,0,0.9999812245368958,0.07936488837003708,-0.3189672827720642,0.07757016271352768,-0.3190793991088867,0.27341845631599426,0.05651319772005081,0.27823787927627563,0.050463344901800156,-0.2896806597709656,0.0495009608566761,-0.28224414587020874,0.05334324389696121,0.0,0.0,0.0,0.0,0.0,0.0,0.0,0.0,1.0,0.0,-0.0,1.0,-0.0,-0.9999998807907104,0.30000001192092896,0.30000001192092896,0.30000001192092896,0.30000001192092896
0.7,0,0.02039160393178463,-0.01722125895321369,0.015694590285420418,0.28348344564437866,0.0,0.9390947222709656,-0.0002093869261443615,0.03135765716433525,1,1,1,1,0.0,14.072213172912598,14.674822807312012,0.0,0.0,14.072213172912598,14.674822807312012,0.0,0,0,0,0,0,0.9999805688858032,0.07934290170669556,-0.31898653507232666,0.0775420069694519,-0.31911396980285645,0.27415865659713745,0.056734565645456314,0.2789507508277893,0.05051211267709732,-0.2889036536216736,0.04959689825773239,-0.28146547079086304,0.053411971777677536,0.0,0.0,0.0,0.0,0.0,0.0,0.0,0.0,1.0,0.0,-0.0,1.0,-0.0,-0.9999998807907104,0.30000001192092896,0.30000001192092896,0.30000001192092896,0.30000001192092896
0.75,0,0.02122565731406212,-0.016910802572965622,0.024281024932861328,0.2834019064903259,0.0,0.9453895688056946,-0.00413106894120574,0.031267259269952774,1,1,1,1,0.0,14.10346508026123,14.569807052612305,0.0,0.0,14.10346508026123,14.569807052612305,0.0,0,0,0,0,0,0.9999806880950928,0.0793505385518074,-0.31897827982902527,0.07754391431808472,-0.3191157281398773,0.2749883234500885,0.056755345314741135,0.27972277998924255,0.05054410174489021,-0.2880800664424896,0.04968647286295891,-0.28060251474380493,0.05366397276520729,0.0,0.0,0.0,0.0,0.0,0.0,0.0,0.0,1.0,0.0,-0.0,1.0,-0.0,-0.9999998807907104,0.30000001192092896,0.30000001192092896,0.30000001192092896,0.30000001192092896
0.8,0,0.022078881040215492,-0.016048938035964966,0.03497162088751793,0.28328442573547363,0.0,0.9922536015510559,-0.01070789061486721,0.03044247440993786,1,1,1,1,0.0,14.091958999633789,14.663468360900879,0.0,0.0,14.091958999633789,14.663468360900879,0.0,0,0,0,0,0,0.9999818801879883,0.0793936550617218,-0.31893911957740784,0.0775839164853096,-0.3190765976905823,0.27581560611724854,0.05646770820021629,0.2805119454860687,0.050550367683172226,-0.2872333526611328,0.049766287207603455,-0.2797384262084961,0.05419936403632164,0.0,0.0,0.0,0.0,0.0,0.0,0.0,0.0,1.0,0.0,-0.0,1.0,-0.0,-0.9999998807907104,0.30000001192092896,0.30000001192092896,0.30000001192092896,0.30000001192092896
0.85,0,0.023079702630639076,-0.014460854232311249,0.0483628585934639,0.2830614447593689,0.0,0.9610699415206909,-0.014919724315404892,0.028753025457262993,1,1,1,1,0.0,14.192729949951172,14.551551818847656,0.0,0.0,14.192729949951172,14.551551818847656,0.0,0,0,0,0,0,0.9999841451644897,0.07948349416255951,-0.3188565671443939,0.07766205072402954,-0.31899771094322205,0.27676525712013245,0.05584627762436867,0.281381756067276,0.050529662519693375,-0.2863173484802246,0.04983825981616974,-0.2787463366985321,0.05516844987869263,0.0,0.0,0.0,0.0,0.0,0.0,0.0,0.0,1.0,0.0,-0.0,1.0,-0.0,-0.9999998807907104,0.30000001192092896,0.30000001192092896,0.30000001192092896,0.30000001192092896
0.9,0,0.024135800078511238,-0.011897607706487179,0.07272615283727646,0.2827691435813904,0.0,0.990105926990509,-0.022715698927640915,0.025545649230480194,1,1,1,1,0.0,14.149706840515137,14.54709243774414,0.0,0.0,14.149706840515137,14.54709243774414,0.0,0,0,0,0,0,0.9999876022338867,0.07964980602264404,-0.31870290637016296,0.07781746238470078,-0.3188271224498749,0.27771589159965515,0.05460360646247864,0.2822960317134857,0.050465669482946396,-0.2853564918041229,0.049898989498615265,-0.27773016691207886,0.05661763623356819,0.0,0.0,0.0,0.0,0.0,0.0,0.0,0.0,1.0,0.0,-0.0,1.0,-0.0,-0.9999998807907104,0.30000001192092896,0.30000001192092896,0.30000001192092896,0.30000001192092896
0.95,0,0.02535194344818592,-0.007990320213139057,0.10688196122646332,0.28232714533805847,0.0,1.0083633661270142,-0.030978120863437653,0.020628878846764565,1,1,1,1,0.0,14.14712142944336,14.370853424072266,0.0,0.0,14.14712142944336,14.370853424072266,0.0,0,0,0,0,0,0.9999914169311523,0.07990201562643051,-0.31846410036087036,0.0780552327632904,-0.3185565173625946,0.2787708044052124,0.05264667794108391,0.2833004593849182,0.05034739896655083,-0.2843094766139984,0.04994623735547066,-0.2765774428844452,0.05878983065485954,0.0,0.0,0.0,0.0,0.0,0.0,0.0,0.0,1.0,0.0,-0.0,1.0,-0.0,-0.9999998807907104,0.30000001192092896,0.30000001192092896,0.30000001192092896,0.30000001192092896
1.0,0,0.026781979948282242,-0.002344756852835417,0.14126716554164886,0.2816971242427826,0.0,1.0370742082595825,-0.0501294806599617,0.013401516713202,1,1,1,1,0.0,14.188939094543457,14.50387954711914,0.0,0.0,14.188939094543457,14.50387954711914,0.0,0,0,0,0,0,0.9999937415122986,0.08024753630161285,-0.3181232213973999,0.07840596139431,-0.31813645362854004,0.279956579208374,0.04973633959889412,0.28443238139152527,0.05016317218542099,-0.28315308690071106,0.04997430369257927,-0.27524900436401367,0.06189503148198128,0.0,0.0,0.0,0.0,0.0,0.0,0.0,0.0,1.0,0.0,-0.0,1.0,-0.0,-0.9999998807907104,0.30000001192092896,0.30000001192092896,0.30000001192092896,0.30000001192092896
1.05,0,0.028049923479557037,-0.0004660589329432696,0.05221995338797569,0.28135645389556885,0.0,1.0084697008132935,-0.006428223103284836,0.011271550320088863,1,1,1,1,0.8111037611961365,13.812397003173828,14.076583862304688,0.0,0.8111037611961365,13.812397003173828,14.076583862304688,0.0,0,0,0,0,0,0.999993085861206,0.08034621179103851,-0.3180195093154907,0.07849040627479553,-0.31803134083747864,0.2810061573982239,0.04903968796133995,0.2854565978050232,0.050049714744091034,-0.28209733963012695,0.04996111989021301,-0.27390986680984497,0.06311357766389847,0.0,0.0,0.0,0.0,0.0,0.0,0.0,0.0,1.0,0.0,-0.0,1.0,-0.0,-0.9999998807907104,0.30000001192092896,0.30000001192092896,0.30000001192092896,0.30000001192092896
1.1,0,0.029051780700683594,-0.00017741695046424866,0.04210682213306427,0.2812705934047699,0.0,1.0321604013442993,-0.0036079096607863903,0.01124847587198019,1,1,1,1,0.8208369016647339,13.925751686096191,14.054780006408691,0.0,0.8208369016647339,13.925751686096191,14.054780006408691,0.0,0,0,0,0,0,0.9999925494194031,0.08034174144268036,-0.3180246353149414,0.078477643430233,-0.3180445432662964,0.281941682100296,0.04886709153652191,0.2863755524158478,0.04996515065431595,-0.28115710616111755,0.049926817417144775,-0.2729819118976593,0.06316861510276794,0.0,0.0,0.0,0.0,0.0,0.0,0.0,0.0,1.0,0.0,-0.0,1.0,-0.0,-0.9999998807907104,0.30000001192092896,0.30000001192092896,0.30000001192092896,0.30000001192092896
1.15,0,0.029949482530355453,0.0002664644562173635,0.030455484986305237,0.28118792176246643,0.0,1.0361196994781494,-0.002058651763945818,0.011157946661114693,1,1,1,1,0.6465435028076172,14.182918548583984,14.331417083740234,0.0,0.6465435028076172,14.182918548583984,14.331417083740234,0.0,0,0,0,0,0,0.9999922513961792,0.0803418830037117,-0.3180258274078369,0.0784684345126152,-0.3180548846721649,0.2828427851200104,0.04870070889592171,0.2872197926044464,0.04999693110585213,-0.28023990988731384,0.049872785806655884,-0.27211350202560425,0.06339381635189056,0.0,0.0,0.0,0.0,0.0,0.0,0.0,0.0,1.0,0.0,-0.0,1.0,-0.0,-0.9999998807907104,0.30000001192092896,0.30000001192092896,0.30000001192092896,0.30000001192092896
1.2,0,0.030784811824560165,-9.340454198536463e-06,0.027048001065850258,0.2811814546585083,0.0,1.0274043083190918,0.002570800483226776,0.011743748560547829,1,1,1,1,0.08324920386075974,14.518698692321777,14.18624496459961,0.0,0.08324920386075974,14.518698692321777,14.18624496459961,0.0,0,0,0,0,0,0.9999922513961792,0.08030641078948975,-0.3180626332759857,0.07843055576086044,-0.31810179352760315,0.28370875120162964,0.048866525292396545,0.2880340814590454,0.05001235753297806,-0.2793459892272949,0.04980374500155449,-0.27128085494041443,0.0632268637418747,0.0,0.0,0.0,0.0,0.0,0.0,0.0,0.0,1.0,0.0,-0.0,1.0,-0.0,-0.9999998807907104,0.30000001192092896,0.30000001192092896,0.30000001192092896,0.30000001192092896
1.25,0,0.03165116161108017,-0.00037509144749492407,0.026729172095656395,0.2811721861362457,0.0,1.023155927658081,-0.002304712776094675,0.012308831326663494,1,1,1,1,0.20425307750701904,14.47795581817627,14.100444793701172,0.0,0.20425307750701904,14.47795581817627,14.100444793701172,0.0,0,0,0,0,0,0.9999922513961792,0.08027633279561996,-0.3180938959121704,0.07838984578847885,-0.3181506097316742,0.28459474444389343,0.0490143783390522,0.288869708776474,0.0500158816576004,-0.2784310281276703,0.049715038388967514,-0.27041366696357727,0.06299878656864166,0.0,0.0,0.0,0.0,0.0,0.0,0.0,0.0,1.0,0.0,-0.0,1.0,-0.0,-0.9999998807907104,0.30000001192092896,0.30000001192092896,0.30000001192092896,0.30000001192092896
1.3,0,0.03252749145030975,-0.000797388085629791,0.02956790290772915,0.2811700999736786,1.0,1.027628779411316,-2.0016162395477295,0.012670774012804031,1,1,1,1,0.06796819716691971,14.382722854614258,14.056934356689453,0.0,0.06796819716691971,14.382722854614258,14.056934356689453,0.0,0,0,0,0,0,0.9999923706054688,0.08024932444095612,-0.3181210160255432,0.07836555689573288,-0.31817951798439026,0.2854810357093811,0.0491551049053669,0.2897161543369293,0.05000517517328262,-0.2774990200996399,0.04960737004876137,-0.2695401608943939,0.06276267766952515,0.0,0.0,0.0,0.0,0.0,0.0,0.0,0.0,1.0,0.0,-0.0,1.0,-0.0,-0.9999998807907104,0.30000001192092896,0.30000001192092896,0.30000001192092896,0.30000001192092896
1.35,0,0.033453721553087234,-0.002192866522818804,-0.035075195133686066,0.2811886668205261,1.0,0.8073400259017944,-0.010663853958249092,0.013632968068122864,1,1,1,1,0.14861248433589935,14.417098999023438,13.85274600982666,0.0,0.14861248433589935,14.417098999023438,13.85274600982666,0.0,0,0,0,0,0,0.9999922513961792,0.08020424842834473,-0.31816956400871277,0.07831370830535889,-0.31823650002479553,0.2863951325416565,0.04925958439707756,0.2905445396900177,0.04998054355382919,-0.27657264471054077,0.04948374629020691,-0.26875996589660645,0.0617855004966259,0.0,0.0,0.0,0.0,0.0,0.0,0.0,0.0,1.0,0.0,-0.0,1.0,-0.0,-0.9999998807907104,0.30000001192092896,0.30000001192092896,0.30000001192092896,0.30000001192092896
1.4,0,0.03427359461784363,-0.004769851453602314,-0.004375651944428682,0.2813102602958679,1.0,0.7719156742095947,-0.013082331046462059,0.015798037871718407,1,1,1,1,0.0,14.649341583251953,14.175769805908203,0.0,0.0,14.649341583251953,14.175769805908203,0.0,0,0,0,0,0,0.999991774559021,0.08010358363389969,-0.3182820975780487,0.07819216698408127,-0.3183650076389313,0.2872622311115265,0.04931843653321266,0.29128050804138184,0.04994745925068855,-0.2757401168346405,0.04934973642230034,-0.26824334263801575,0.05973684415221214,0.0,0.0,0.0,0.0,0.0,0.0,0.0,0.0,1.0,0.0,-0.0,1.0,-0.0,-0.9999998807907104,0.30000001192092896,0.30000001192092896,0.30000001192092896,0.30000001192092896
1.45,0,0.035121653228998184,-0.007307521998882294,-0.007851852104067802,0.2814089059829712,1.0,0.7608623504638672,-0.0070938109420239925,0.017626028507947922,1,1,1,1,0.1202947348356247,14.615791320800781,14.066583633422852,0.0,0.1202947348356247,14.615791320800781,14.066583633422852,0.0,0,0,0,0,0,0.9999913573265076,0.0800170972943306,-0.31837940216064453,0.07809778302907944,-0.31845736503601074,0.2881391644477844,0.04937281832098961,0.292025625705719,0.049902237951755524,-0.274880051612854,0.0492032915353775,-0.26763060688972473,0.05779258534312248,0.0,0.0,0.0,0.0,0.0,0.0,0.0,0.0,1.0,0.0,-0.0,1.0,-0.0,-0.9999998807907104,0.30000001192092896,0.30000001192092896,0.30000001192092896,0.30000001192092896
1.5,0,0.035686492919921875,-0.008624249137938023,0.017417417839169502,0.2815406620502472,1.0,0.7455244064331055,-0.002348562004044652,0.01855330727994442,1,1,1,1,0.029341090470552444,13.966316223144531,14.730094909667969,0.0,0.029341090470552444,13.966316223144531,14.730094909667969,0.0,0,0,0,0,0,0.9999913573265076,0.07997217029333115,-0.3184303343296051,0.07804640382528305,-0.31850162148475647,0.28887230157852173,0.04942857846617699,0.2926385998725891,0.04993375390768051,-0.27422377467155457,0.0492660328745842,-0.2672034204006195,0.05675403028726578,0.0,0.0,0.0,0.0,0.0,0.0,0.0,0.0,1.0,0.0,-0.0,1.0,-0.0,-0.9999998807907104,0.30000001192092896,0.30000001192092896,0.30000001192092896,0.30000001192092896
1.55,0,0.03619154542684555,-0.009485984221100807,0.024768415838479996,0.2816545069217682,1.0,0.7272387742996216,-0.007254360243678093,0.01876050792634487,1,1,1,1,0.10465528815984726,13.982038497924805,14.715070724487305,0.0,0.10465528815984726,13.982038497924805,14.715070724487305,0.0,0,0,0,0,0,0.999991774559021,0.07996036112308502,-0.3184434473514557,0.07802118360996246,-0.3185150921344757,0.28955942392349243,0.04948681965470314,0.2932148575782776,0.050007954239845276,-0.27361196279525757,0.04936567321419716,-0.266783207654953,0.05612373352050781,0.0,0.0,0.0,0.0,0.0,0.0,0.0,0.0,1.0,0.0,-0.0,1.0,-0.0,-0.9999998807907104,0.30000001192092896,0.30000001192092896,0.30000001192092896,0.30000001192092896
1.6,0,0.03678695112466812,-0.010105527937412262,0.02635704167187214,0.2817082405090332,1.0,0.7280920743942261,-0.009973173029720783,0.018786104395985603,1,1,1,1,0.1924712061882019,13.969338417053223,14.657496452331543,0.0,0.1924712061882019,13.969338417053223,14.657496452331543,0.0,0,0,0,0,0,0.9999920129776001,0.07995667308568954,-0.31844666600227356,0.07801897823810577,-0.31850767135620117,0.29027122259140015,0.04956318810582161,0.29382839798927307,0.050075870007276535,-0.272954523563385,0.049463268369436264,-0.26623842120170593,0.05572318285703659,0.0,0.0,0.0,0.0,0.0,0.0,0.0,0.0,1.0,0.0,-0.0,1.0,-0.0,-0.9999998807907104,0.30000001192092896,0.30000001192092896,0.30000001192092896,0.30000001192092896
1.65,0,0.03743188828229904,-0.010576710104942322,0.029691042378544807,0.281730979681015,1.0,0.7173373103141785,-0.011754728853702545,0.01879827491939068,1,1,1,1,0.23040787875652313,13.921561241149902,14.608506202697754,0.0,0.23040787875652313,13.921561241149902,14.608506202697754,0.0,0,0,0,0,0,0.9999922513961792,0.07995004206895828,-0.3184524476528168,0.07801444828510284,-0.31850525736808777,0.2909891605377197,0.04965609684586525,0.2944672107696533,0.050139594823122025,-0.27227112650871277,0.04955516383051872,-0.2656155824661255,0.05545063689351082,0.0,0.0,0.0,0.0,0.0,0.0,0.0,0.0,1.0,0.0,-0.0,1.0,-0.0,-0.9999998807907104,0.30000001192092896,0.30000001192092896,0.30000001192092896,0.30000001192092896
1.7,0,0.038110263645648956,-0.01090824045240879,0.03279431536793709,0.28173503279685974,1.0,0.7128795981407166,-0.013754033483564854,0.01875058375298977,1,1,1,1,0.2779957056045532,13.914398193359375,14.571496963500977,0.0,0.2779957056045532,13.914398193359375,14.571496963500977,0.0,0,0,0,0,0,0.9999923706054688,0.07994816452264786,-0.3184530735015869,0.07800474017858505,-0.31850919127464294,0.291713684797287,0.04973762854933739,0.29513028264045715,0.050195518881082535,-0.2715677320957184,0.04964032024145126,-0.26494336128234863,0.05527888610959053,0.0,0.0,0.0,0.0,0.0,0.0,0.0,0.0,1.0,0.0,-0.0,1.0,-0.0,-0.9999998807907104,0.30000001192092896,0.30000001192092896,0.30000001192092896,0.30000001192092896
1.75,0,0.038817182183265686,-0.011139879934489727,0.03174407407641411,0.28172504901885986,1.0,0.7101216316223145,-0.013639493845403194,0.01868223212659359,1,1,1,1,0.3423003852367401,13.908602714538574,14.530598640441895,0.0,0.3423003852367401,13.908602714538574,14.530598640441895,0.0,0,0,0,0,0,0.9999924898147583,0.0799483135342598,-0.31845173239707947,0.07800423353910446,-0.3185054361820221,0.2924381494522095,0.04980816692113876,0.29581114649772644,0.05024290829896927,-0.2708423137664795,0.049717698246240616,-0.26423901319503784,0.055178843438625336,0.0,0.0,0.0,0.0,0.0,0.0,0.0,0.0,1.0,0.0,-0.0,1.0,-0.0,-0.9999998807907104,0.30000001192092896,0.30000001192092896,0.30000001192092896,0.30000001192092896
1.8,0,0.03953425586223602,-0.011300651356577873,0.033493224531412125,0.2817116379737854,1.0,0.7090664505958557,-0.014384801499545574,0.01862782984972,1,1,1,1,0.40670913457870483,13.810897827148438,14.444918632507324,0.0,0.40670913457870483,13.810897827148438,14.444918632507324,0.0,0,0,0,0,0,0.9999926090240479,0.07994318008422852,-0.3184559643268585,0.07799452543258667,-0.3185119330883026,0.29315879940986633,0.049865469336509705,0.29650402069091797,0.050282835960388184,-0.27010634541511536,0.04978474602103233,-0.26351892948150635,0.05511869862675667,0.0,0.0,0.0,0.0,0.0,0.0,0.0,0.0,1.0,0.0,-0.0,1.0,-0.0,-0.9999998807907104,0.30000001192092896,0.30000001192092896,0.30000001192092896,0.30000001192092896
1.8499999999999999,0,0.04027979075908661,-0.011404287070035934,0.032059065997600555,0.281688928604126,1.0,0.7076898217201233,-0.01564205065369606,0.018565058708190918,1,1,1,1,0.44487714767456055,13.97022533416748,14.506834030151367,0.0,0.44487714767456055,13.97022533416748,14.506834030151367,0.0,0,0,0,0,0,0.9999926090240479,0.07994849979877472,-0.3184494972229004,0.0779881477355957,-0.3185156583786011,0.29389461874961853,0.04991087689995766,0.29721933603286743,0.050311844795942307,-0.26935213804244995,0.04984305053949356,-0.26277101039886475,0.05509131774306297,0.0,0.0,0.0,0.0,0.0,0.0,0.0,0.0,1.0,0.0,-0.0,1.0,-0.0,-0.9999998807907104,0.30000001192092896,0.30000001192092896,0.30000001192092896,0.30000001192092896
1.9,0,0.04103744775056839,-0.011459731496870518,0.033780209720134735,0.2816641926765442,1.0,0.7066978216171265,-0.015098118223249912,0.01855706423521042,1,1,1,1,0.4796599745750427,13.758484840393066,14.413833618164062,0.0,0.4796599745750427,13.758484840393066,14.413833618164062,0.0,0,0,0,0,0,0.9999926090240479,0.07994906604290009,-0.3184487819671631,0.07798215746879578,-0.31852060556411743,0.294618159532547,0.04994478449225426,0.2979462444782257,0.05033573508262634,-0.26858454942703247,0.049888912588357925,-0.26200374960899353,0.05508788302540779,0.0,0.0,0.0,0.0,0.0,0.0,0.0,0.0,1.0,0.0,-0.0,1.0,-0.0,-0.9999998807907104,0.30000001192092896,0.30000001192092896,0.30000001192092896,0.30000001192092896
1.95,0,0.04180057346820831,-0.011518066748976707,0.03336961939930916,0.2816374897956848,1.0,0.7059963941574097,-0.016098586842417717,0.01854102686047554,1,1,1,1,0.48404788970947266,13.79666805267334,14.414814949035645,0.0,0.48404788970947266,13.79666805267334,14.414814949035645,0.0,0,0,0,0,0,0.9999926090240479,0.07994942367076874,-0.3184479773044586,0.07797132432460785,-0.3185301125049591,0.2953585684299469,0.04996210336685181,0.29867830872535706,0.05034695938229561,-0.267804890871048,0.04992293193936348,-0.26123136281967163,0.05507060885429382,0.0,0.0,0.0,0.0,0.0,0.0,0.0,0.0,1.0,0.0,-0.0,1.0,-0.0,-0.9999998807907104,0.30000001192092896,0.30000001192092896,0.30000001192092896,0.30000001192092896
2.0,0,0.04261380434036255,-0.011482881382107735,0.03536985069513321,0.28158438205718994,1.0,0.7104190587997437,-0.017298411577939987,0.0185281690210104,1,1,1,1,0.5232686400413513,13.879326820373535,14.28966999053955,0.0,0.5232686400413513,13.879326820373535,14.28966999053955,0.0,0,0,0,0,0,0.9999925494194031,0.07994582504034042,-0.3184511661529541,0.07796938717365265,-0.31853199005126953,0.29615384340286255,0.04996428266167641,0.29943549633026123,0.050342340022325516,-0.26699233055114746,0.04994833841919899,-0.26042088866233826,0.05510216951370239,0.0,0.0,0.0,0.0,0.0,0.0,0.0,0.0,1.0,0.0,-0.0,1.0,-0.0,-0.9999998807907104,0.30000001192092896,0.30000001192092896,0.30000001192092896,0.30000001192092896
2.05,0,0.04343754053115845,-0.011433806270360947,0.034985318779945374,0.28153300285339355,1.0,0.7096874713897705,-0.01731366105377674,0.018445413559675217,1,1,1,1,0.5638366937637329,13.91930103302002,14.265233039855957,0.0,0.5638366937637329,13.91930103302002,14.265233039855957,0.0,0,0,0,0,0,0.9999926090240479,0.07994647324085236,-0.3184494972229004,0.07796955108642578,-0.31853124499320984,0.29696789383888245,0.04995497688651085,0.3002075254917145,0.05032658949494362,-0.2661662995815277,0.04995927959680557,-0.2595967948436737,0.05513911694288254,0.0,0.0,0.0,0.0,0.0,0.0,0.0,0.0,1.0,0.0,-0.0,1.0,-0.0,-0.9999998807907104,0.30000001192092896,0.30000001192092896,0.30000001192092896,0.30000001192092896
2.1,0,0.0442730188369751,-0.011350217275321484,0.03697934374213219,0.28147992491722107,1.0,0.7118831872940063,-0.017794214189052582,0.018348490819334984,1,1,1,1,0.611555278301239,13.83010482788086,14.236478805541992,0.0,0.611555278301239,13.83010482788086,14.236478805541992,0.0,0,0,0,0,0,0.9999926090240479,0.07994535565376282,-0.31844961643218994,0.07796318829059601,-0.3185374438762665,0.2977966070175171,0.04993055760860443,0.3009936213493347,0.050298966467380524,-0.26532912254333496,0.04995540902018547,-0.2587544322013855,0.05519116669893265,0.0,0.0,0.0,0.0,0.0,0.0,0.0,0.0,1.0,0.0,-0.0,1.0,-0.0,-0.9999998807907104,0.30000001192092896,0.30000001192092896,0.30000001192092896,0.30000001192092896
2.15,0,0.04513077437877655,-0.011266767047345638,0.03465970978140831,0.2814237177371979,1.0,0.7125862836837769,-0.0180987436324358,0.018260899931192398,1,1,1,1,0.6865521669387817,13.895703315734863,14.151264190673828,0.0,0.6865521669387817,13.895703315734863,14.151264190673828,0.0,0,0,0,0,0,0.9999925494194031,0.07994610071182251,-0.318448007106781,0.07796356081962585,-0.3185369372367859,0.2986343801021576,0.04989142343401909,0.3017962574958801,0.050256576389074326,-0.2644733488559723,0.04993753507733345,-0.25789421796798706,0.05522848293185234,0.0,0.0,0.0,0.0,0.0,0.0,0.0,0.0,1.0,0.0,-0.0,1.0,-0.0,-0.9999998807907104,0.30000001192092896,0.30000001192092896,0.30000001192092896,0.30000001192092896
2.2,0,0.046000439673662186,-0.011198587715625763,0.03491979464888573,0.28136885166168213,1.0,0.7138581871986389,-0.018011825159192085,0.018190935254096985,1,1,1,1,0.7301796078681946,13.8849458694458,14.110669136047363,0.0,0.7301796078681946,13.8849458694458,14.110669136047363,0.0,0,0,0,0,0,0.9999924898147583,0.07994738221168518,-0.3184458911418915,0.07795725762844086,-0.3185431957244873,0.2994782328605652,0.04983850196003914,0.30261194705963135,0.05019950494170189,-0.2636072337627411,0.04990440234541893,-0.25701969861984253,0.05524169281125069,0.0,0.0,0.0,0.0,0.0,0.0,0.0,0.0,1.0,0.0,-0.0,1.0,-0.0,-0.9999998807907104,0.30000001192092896,0.30000001192092896,0.30000001192092896,0.30000001192092896
2.25,0,0.04688435047864914,-0.011132008396089077,0.035510580986738205,0.2813216745853424,1.0,0.7159914970397949,-0.01871519349515438,0.01814989373087883,1,1,1,1,0.7601513862609863,13.875502586364746,14.098392486572266,0.0,0.7601513862609863,13.875502586364746,14.098392486572266,0.0,0,0,0,0,0,0.9999924898147583,0.07994332164525986,-0.3184494972229004,0.07795539498329163,-0.3185453712940216,0.3003312647342682,0.04977040737867355,0.3034476637840271,0.05012711137533188,-0.2627262771129608,0.04985596239566803,-0.2561357319355011,0.05523541569709778,0.0,0.0,0.0,0.0,0.0,0.0,0.0,0.0,1.0,0.0,-0.0,1.0,-0.0,-0.9999998807907104,0.30000001192092896,0.30000001192092896,0.30000001192092896,0.30000001192092896
2.3,0,0.04779435694217682,-0.011062844656407833,0.035502687096595764,0.28127726912498474,1.0,0.7182421088218689,-0.018908411264419556,0.018141474574804306,1,1,1,1,0.7791355848312378,13.919748306274414,14.0287446975708,0.0,0.7791355848312378,13.919748306274414,14.0287446975708,0.0,0,0,0,0,0,0.9999923706054688,0.07993713021278381,-0.3184555470943451,0.07795204222202301,-0.31854957342147827,0.3011915683746338,0.04968520253896713,0.3043104112148285,0.05003930255770683,-0.2618275284767151,0.049789343029260635,-0.2552291452884674,0.05521779879927635,0.0,0.0,0.0,0.0,0.0,0.0,0.0,0.0,1.0,0.0,-0.0,1.0,-0.0,-0.9999998807907104,0.30000001192092896,0.30000001192092896,0.30000001192092896,0.30000001192092896
2.35,0,0.04871046915650368,-0.01102569978684187,0.034236643463373184,0.2812408208847046,1.0,0.7157412767410278,-0.01852305978536606,0.018150238320231438,1,1,1,1,0.8717149496078491,13.895454406738281,13.979710578918457,0.0,0.8717149496078491,13.895454406738281,13.979710578918457,0.0,0,0,0,0,0,0.9999922513961792,0.07993149012327194,-0.31846123933792114,0.07794245332479477,-0.31855958700180054,0.3020574152469635,0.04958486557006836,0.30518707633018494,0.04993490129709244,-0.260919988155365,0.049705758690834045,-0.2543093264102936,0.055153872817754745,0.0,0.0,0.0,0.0,0.0,0.0,0.0,0.0,1.0,0.0,-0.0,1.0,-0.0,-0.9999998807907104,0.30000001192092896,0.30000001192092896,0.30000001192092896,0.30000001192092896
2.4,0,0.04957147687673569,-0.010986012406647205,0.038641225546598434,0.28119999170303345,1.0,0.7057300806045532,-0.013041128404438496,0.017981134355068207,1,1,1,1,0.3786022365093231,14.050455093383789,14.373007774353027,0.0,0.3786022365093231,14.050455093383789,14.373007774353027,0.0,0,0,0,0,0,0.9999923706054688,0.07993283867835999,-0.3184601366519928,0.07794733345508575,-0.31855422258377075,0.3029044568538666,0.0494714230298996,0.30600881576538086,0.049908511340618134,-0.2600226104259491,0.04960556700825691,-0.253441721200943,0.05514869838953018,0.0,0.0,0.0,0.0,0.0,0.0,0.0,0.0,1.0,0.0,-0.0,1.0,-0.0,-0.9999998807907104,0.30000001192092896,0.30000001192092896,0.30000001192092896,0.30000001192092896
2.45,0,0.050250329077243805,-0.010888226330280304,0.031263887882232666,0.28119319677352905,1.0,0.7194356322288513,-0.01160554401576519,0.017531998455524445,1,1,1,1,0.0,14.383747100830078,14.377508163452148,0.0,0.0,14.383747100830078,14.377508163452148,0.0,0,0,0,0,0,0.999992847442627,0.07995256781578064,-0.3184402287006378,0.07796727120876312,-0.31853121519088745,0.303634911775589,0.049361176788806915,0.30670109391212463,0.04998738318681717,-0.25920647382736206,0.04952744394540787,-0.25275880098342896,0.05525783449411392,0.0,0.0,0.0,0.0,0.0,0.0,0.0,0.0,1.0,0.0,-0.0,1.0,-0.0,-0.9999998807907104,0.30000001192092896,0.30000001192092896,0.30000001192092896,0.30000001192092896
2.5,0,0.05097709596157074,-0.01073390245437622,0.021712126210331917,0.28115999698638916,1.0,0.7012844085693359,-0.013707298785448074,0.017147773876786232,1,1,1,1,0.0,14.504143714904785,14.328258514404297,0.0,0.0,14.504143714904785,14.328258514404297,0.0,0,0,0,0,0,0.9999932050704956,0.07996723055839539,-0.3184255361557007,0.07798194140195847,-0.31851446628570557,0.30440425872802734,0.04924335330724716,0.30741289258003235,0.050058264285326004,-0.2583805322647095,0.049470338970422745,-0.2520439028739929,0.05538968741893768,0.0,0.0,0.0,0.0,0.0,0.0,0.0,0.0,1.0,0.0,-0.0,1.0,-0.0,-0.9999998807907104,0.30000001192092896,0.30000001192092896,0.30000001192092896,0.30000001192092896
2.55,0,0.05175410211086273,-0.010744843631982803,0.01787368208169937,0.2811163663864136,1.0,0.6905840039253235,-0.014913602732121944,0.016671540215611458,1,1,1,1,0.0,14.507322311401367,14.30809497833252,0.0,0.0,14.507322311401367,14.30809497833252,0.0,0,0,0,0,0,0.9999935030937195,0.07998601347208023,-0.3184061050415039,0.07800423353910446,-0.3184877038002014,0.305205762386322,0.04911069944500923,0.30814728140830994,0.050120044499635696,-0.2575373649597168,0.04939919710159302,-0.2512744069099426,0.055425237864255905,0.0,0.0,0.0,0.0,0.0,0.0,0.0,0.0,1.0,0.0,-0.0,1.0,-0.0,-0.9999998807907104,0.30000001192092896,0.30000001192092896,0.30000001192092896,0.30000001192092896
2.6,0,0.052527353167533875,-0.011171644553542137,0.018245982006192207,0.2811052203178406,1.0,0.6962874531745911,-0.01241849735379219,0.016619199886918068,1,1,1,1,0.0,14.503446578979492,14.255936622619629,0.0,0.0,14.503446578979492,14.255936622619629,0.0,0,0,0,0,0,0.9999936819076538,0.07998348772525787,-0.318408340215683,0.07799698412418365,-0.3184920847415924,0.30599841475486755,0.04913990572094917,0.3088831305503845,0.050177499651908875,-0.25670742988586426,0.04930185526609421,-0.2504943311214447,0.05522352457046509,0.0,0.0,0.0,0.0,0.0,0.0,0.0,0.0,1.0,0.0,-0.0,1.0,-0.0,-0.9999998807907104,0.30000001192092896,0.30000001192092896,0.30000001192092896,0.30000001192092896
2.65,0,0.05329190567135811,-0.011635951697826385,0.023251857608556747,0.28110960125923157,1.0,0.6964195370674133,-0.013803808018565178,0.01678360253572464,1,1,1,1,0.0,14.46971321105957,14.212193489074707,0.0,0.0,14.46971321105957,14.212193489074707,0.0,0,0,0,0,0,0.9999938011169434,0.07997103780508041,-0.3184208869934082,0.0779842957854271,-0.31850484013557434,0.30678725242614746,0.049245093017816544,0.3096248209476471,0.050228867679834366,-0.255881667137146,0.04918685555458069,-0.249717116355896,0.055003371089696884,0.0,0.0,0.0,0.0,0.0,0.0,0.0,0.0,1.0,0.0,-0.0,1.0,-0.0,-0.9999998807907104,0.30000001192092896,0.30000001192092896,0.30000001192092896,0.30000001192092896
2.7,0,0.054077666252851486,-0.012054834514856339,0.02959604747593403,0.28110915422439575,1.0,0.7046768069267273,-0.015011426992714405,0.01690623350441456,1,1,1,1,0.07664491981267929,14.460570335388184,14.17439079284668,0.0,0.07664491981267929,14.460570335388184,14.17439079284668,0.0,0,0,0,0,0,0.9999938011169434,0.07995902746915817,-0.3184327781200409,0.07797171920537949,-0.3185177743434906,0.3075800836086273,0.04934016987681389,0.3103846609592438,0.05026997998356819,-0.2550439238548279,0.04905567690730095,-0.24891340732574463,0.054812464863061905,0.0,0.0,0.0,0.0,0.0,0.0,0.0,0.0,1.0,0.0,-0.0,1.0,-0.0,-0.9999998807907104,0.30000001192092896,0.30000001192092896,0.30000001192092896,0.30000001192092896
2.75,0,0.05489283800125122,-0.012378840707242489,0.029919292777776718,0.2810969352722168,1.0,0.7072487473487854,-0.015691181644797325,0.017008736729621887,1,1,1,1,0.14520864188671112,14.470719337463379,14.117865562438965,0.0,0.14520864188671112,14.470719337463379,14.117865562438965,0.0,0,0,0,0,0,0.9999938607215881,0.07995017617940903,-0.3184412121772766,0.07795523852109909,-0.3185356855392456,0.30838412046432495,0.049427103251218796,0.31116846203804016,0.05029862001538277,-0.2541830837726593,0.048906806856393814,-0.248076930642128,0.05469146743416786,0.0,0.0,0.0,0.0,0.0,0.0,0.0,0.0,1.0,0.0,-0.0,1.0,-0.0,-0.9999998807907104,0.30000001192092896,0.30000001192092896,0.30000001192092896,0.30000001192092896
2.8,0,0.055720314383506775,-0.01270554680377245,0.028566591441631317,0.28108543157577515,1.0,0.7075986266136169,-0.016319775953888893,0.017104482278227806,1,1,1,1,0.2434055358171463,14.503179550170898,14.097362518310547,0.0,0.2434055358171463,14.503179550170898,14.097362518310547,0.0,0,0,0,0,0,0.9999939203262329,0.07994188368320465,-0.31844907999038696,0.07794667780399323,-0.31854569911956787,0.3091931939125061,0.04950079321861267,0.31196367740631104,0.05031483992934227,-0.25330501794815063,0.048740509897470474,-0.24722859263420105,0.054559413343667984,0.0,0.0,0.0,0.0,0.0,0.0,0.0,0.0,1.0,0.0,-0.0,1.0,-0.0,-0.9999998807907104,0.30000001192092896,0.30000001192092896,0.30000001192092896,0.30000001192092896
2.85,0,0.05656479299068451,-0.013095648027956486,0.03315776214003563,0.28107964992523193,1.0,0.709625244140625,-0.01512057427316904,0.01722083054482937,1,1,1,1,0.18675069510936737,14.560461044311523,14.560628890991211,0.0,0.18675069510936737,14.560461044311523,14.560628890991211,0.0,0,0,0,0,0,0.9999939203262329,0.0799311101436615,-0.31845980882644653,0.0779293105006218,-0.31856390833854675,0.3100152909755707,0.049560222774744034,0.3127775192260742,0.050319842994213104,-0.2524200975894928,0.04857346788048744,-0.24635790288448334,0.05436107888817787,0.0,0.0,0.0,0.0,0.0,0.0,0.0,0.0,1.0,0.0,-0.0,1.0,-0.0,-0.9999998807907104,0.30000001192092896,0.30000001192092896,0.30000001192092896,0.30000001192092896
2.9,0,0.0572381392121315,-0.012835957109928131,0.04365716874599457,0.2811432480812073,1.0,0.7170103192329407,-0.015282503329217434,0.0172691959887743,1,1,1,1,0.45586830377578735,13.832010269165039,14.457477569580078,0.0,0.45586830377578735,13.832010269165039,14.457477569580078,0.0,0,0,0,0,0,0.9999939203262329,0.07992564886808395,-0.3184647560119629,0.07792406529188156,-0.31857094168663025,0.3107747733592987,0.04960592836141586,0.3135457932949066,0.05030994862318039,-0.2517329454421997,0.04865564778447151,-0.2456822544336319,0.05451123043894768,0.0,0.0,0.0,0.0,0.0,0.0,0.0,0.0,1.0,0.0,-0.0,1.0,-0.0,-0.9999998807907104,0.30000001192092896,0.30000001192092896,0.30000001192092896,0.30000001192092896
2.95,0,0.057969652116298676,-0.012697260826826096,0.037433791905641556,0.2811843752861023,1.0,0.7148116230964661,-0.015372837893664837,0.017320998013019562,1,1,1,1,0.5511699318885803,13.773036003112793,14.34741497039795,0.0,0.5511699318885803,13.773036003112793,14.34741497039795,0.0,0,0,0,0,0,0.9999939203262329,0.07991795986890793,-0.31847134232521057,0.07791787385940552,-0.3185780346393585,0.31154564023017883,0.04967015981674194,0.3143322467803955,0.050288181751966476,-0.2510203421115875,0.04873353987932205,-0.24496373534202576,0.05460425466299057,0.0,0.0,0.0,0.0,0.0,0.0,0.0,0.0,1.0,0.0,-0.0,1.0,-0.0,-0.9999998807907104,0.30000001192092896,0.30000001192092896,0.30000001192092896,0.30000001192092896
3.0,0,0.058722253888845444,-0.012610167264938354,0.03554985299706459,0.281220406293869,1.0,0.7210770845413208,-0.01569340191781521,0.017511222511529922,1,1,1,1,0.5600365400314331,13.817566871643066,14.348709106445312,0.0,0.5600365400314331,13.817566871643066,14.348709106445312,0.0,0,0,0,0,0,0.9999938011169434,0.0799071416258812,-0.3184818923473358,0.07790007442235947,-0.31859785318374634,0.3123137950897217,0.049742650240659714,0.3151308596134186,0.050254449248313904,-0.2502952814102173,0.04880230873823166,-0.24420683085918427,0.05464472994208336,0.0,0.0,0.0,0.0,0.0,0.0,0.0,0.0,1.0,0.0,-0.0,1.0,-0.0,-0.9999998807907104,0.30000001192092896,0.30000001192092896,0.30000001192092896,0.30000001192092896
3.05,0,0.05947481095790863,-0.01254439726471901,0.034582965075969696,0.28125661611557007,1.0,0.7617025375366211,-0.019069459289312363,0.017746703699231148,1,1,1,1,0.5057393908500671,13.867087364196777,14.321778297424316,0.0,0.5057393908500671,13.867087364196777,14.321778297424316,0.0,0,0,0,0,0,0.999993622303009,0.0798906683921814,-0.3184984028339386,0.07788390666246414,-0.31861618161201477,0.31307879090309143,0.04980061948299408,0.31592679023742676,0.050209108740091324,-0.24956049025058746,0.0488600879907608,-0.24345435202121735,0.054651692509651184,0.0,0.0,0.0,0.0,0.0,0.0,0.0,0.0,1.0,0.0,-0.0,1.0,-0.0,-0.9999998807907104,0.30000001192092896,0.30000001192092896,0.30000001192092896,0.30000001192092896
3.1,0,0.060296569019556046,-0.012353027239441872,0.032734695822000504,0.2812595069408417,1.0,0.7037017345428467,-0.016938699409365654,0.01798320561647415,1,1,1,1,0.690313458442688,13.79392147064209,14.175477027893066,0.0,0.690313458442688,13.79392147064209,14.175477027893066,0.0,0,0,0,0,0,0.9999933242797852,0.07987621426582336,-0.318512886762619,0.07786977291107178,-0.31863465905189514,0.3138735592365265,0.04984697699546814,0.3167603313922882,0.05014723539352417,-0.248793825507164,0.048909883946180344,-0.24263758957386017,0.05475897341966629,0.0,0.0,0.0,0.0,0.0,0.0,0.0,0.0,1.0,0.0,-0.0,1.0,-0.0,-0.9999998807907104,0.30000001192092896,0.30000001192092896,0.30000001192092896,0.30000001192092896
3.15,0,0.061078593134880066,-0.012364506721496582,0.038892947137355804,0.28129735589027405,1.0,0.7218791842460632,-0.015919120982289314,0.018232474103569984,1,1,1,1,0.8830140233039856,13.863221168518066,14.189420700073242,0.0,0.8830140233039856,13.863221168518066,14.189420700073242,0.0,0,0,0,0,0,0.9999932050704956,0.07985204458236694,-0.3185372054576874,0.07784678786993027,-0.318658709526062,0.31465432047843933,0.0498783104121685,0.3175809979438782,0.0500711090862751,-0.24803371727466583,0.04894644021987915,-0.2418421357870102,0.05466649681329727,0.0,0.0,0.0,0.0,0.0,0.0,0.0,0.0,1.0,0.0,-0.0,1.0,-0.0,-0.9999998807907104,0.30000001192092896,0.30000001192092896,0.30000001192092896,0.30000001192092896
3.2,0,0.061914876103401184,-0.012462673708796501,0.03126534819602966,0.28131991624832153,1.0,0.7246220111846924,-0.01648564264178276,0.018572337925434113,1,1,1,1,0.7733865976333618,13.893348693847656,14.218375205993652,0.0,0.7733865976333618,13.893348693847656,14.218375205993652,0.0,0,0,0,0,0,0.9999929070472717,0.07983200997114182,-0.31855806708335876,0.07782729715108871,-0.3186793625354767,0.3154502809047699,0.049895402044057846,0.31842711567878723,0.04998353496193886,-0.24724677205085754,0.048971958458423615,-0.24101047217845917,0.05450460687279701,0.0,0.0,0.0,0.0,0.0,0.0,0.0,0.0,1.0,0.0,-0.0,1.0,-0.0,-0.9999998807907104,0.30000001192092896,0.30000001192092896,0.30000001192092896,0.30000001192092896
3.25,0,0.06276626139879227,-0.012426874600350857,0.03437637910246849,0.2813315689563751,1.0,0.7255179286003113,-0.01770894229412079,0.01893005333840847,1,1,1,1,0.7276208400726318,13.856905937194824,14.145166397094727,0.0,0.7276208400726318,13.856905937194824,14.145166397094727,0.0,0,0,0,0,0,0.9999926090240479,0.07981235533952713,-0.3185785710811615,0.07780009508132935,-0.31870946288108826,0.3162594735622406,0.0498972125351429,0.3192891478538513,0.04987754672765732,-0.24644581973552704,0.048984743654727936,-0.24014917016029358,0.05441419780254364,0.0,0.0,0.0,0.0,0.0,0.0,0.0,0.0,1.0,0.0,-0.0,1.0,-0.0,-0.9999998807907104,0.30000001192092896,0.30000001192092896,0.30000001192092896,0.30000001192092896
3.3,0,0.06363615393638611,-0.012450549751520157,0.033162105828523636,0.2813417911529541,1.0,0.7228338718414307,-0.018224596977233887,0.019220702350139618,1,1,1,1,0.8261093497276306,13.872007369995117,14.126593589782715,0.0,0.8261093497276306,13.872007369995117,14.126593589782715,0.0,0,0,0,0,0,0.9999922513961792,0.07979115843772888,-0.31860002875328064,0.07777545601129532,-0.31873539090156555,0.3170907199382782,0.04988456517457962,0.3201623857021332,0.04975232109427452,-0.2456291913986206,0.048984989523887634,-0.23927751183509827,0.05427699163556099,0.0,0.0,0.0,0.0,0.0,0.0,0.0,0.0,1.0,0.0,-0.0,1.0,-0.0,-0.9999998807907104,0.30000001192092896,0.30000001192092896,0.30000001192092896,0.30000001192092896
3.35,0,0.06452187895774841,-0.01244016457349062,0.03397110104560852,0.2813510298728943,1.0,0.7264686226844788,-0.018477575853466988,0.01954035833477974,1,1,1,1,0.8308629989624023,13.858149528503418,14.070155143737793,0.0,0.8308629989624023,13.858149528503418,14.070155143737793,0.0,0,0,0,0,0,0.9999920129776001,0.07977326214313507,-0.3186182677745819,0.07775142788887024,-0.3187614381313324,0.31793057918548584,0.04985669627785683,0.32105347514152527,0.049608975648880005,-0.24479588866233826,0.04896977171301842,-0.23838327825069427,0.05414102226495743,0.0,0.0,0.0,0.0,0.0,0.0,0.0,0.0,1.0,0.0,-0.0,1.0,-0.0,-0.9999998807907104,0.30000001192092896,0.30000001192092896,0.30000001192092896,0.30000001192092896
3.4,0,0.06542479991912842,-0.012435514479875565,0.03360660746693611,0.28135547041893005,1.0,0.7249817848205566,-0.01838846690952778,0.019876867532730103,1,1,1,1,0.9449148178100586,13.857585906982422,13.997889518737793,0.0,0.9449148178100586,13.857585906982422,13.997889518737793,0.0,0,0,0,0,0,0.9999916553497314,0.0797540694475174,-0.3186377286911011,0.07773029059171677,-0.31878453493118286,0.31880295276641846,0.04981400817632675,0.3219565749168396,0.04944722354412079,-0.24393977224826813,0.04894039407372475,-0.2374769151210785,0.0539814755320549,0.0,0.0,0.0,0.0,0.0,0.0,0.0,0.0,1.0,0.0,-0.0,1.0,-0.0,-0.9999998807907104,0.30000001192092896,0.30000001192092896,0.30000001192092896,0.30000001192092896
3.4499999999999997,0,0.06632114946842194,-0.01243187952786684,0.03487331047654152,0.2813465893268585,1.0,0.7264016270637512,-0.013919677585363388,0.020181559026241302,1,1,1,1,0.7353888750076294,14.051855087280273,14.2197904586792,0.0,0.7353888750076294,14.051855087280273,14.2197904586792,0.0,0,0,0,0,0,0.9999913573265076,0.07973580807447433,-0.31865596771240234,0.07771193236112595,-0.31880468130111694,0.31968092918395996,0.0497564971446991,0.3228405714035034,0.049273379147052765,-0.24307480454444885,0.04889405518770218,-0.2365744560956955,0.053813181817531586,0.0,0.0,0.0,0.0,0.0,0.0,0.0,0.0,1.0,0.0,-0.0,1.0,-0.0,-0.9999998807907104,0.30000001192092896,0.30000001192092896,0.30000001192092896,0.30000001192092896
3.5,0,0.06695102900266647,-0.01235602144151926,0.03451663628220558,0.2813257873058319,1.0,0.7270880937576294,-0.011126674711704254,0.019637685269117355,1,1,1,1,0.44298192858695984,13.913067817687988,14.47127628326416,0.0,0.44298192858695984,13.913067817687988,14.47127628326416,0.0,0,0,0,0,0,0.9999919533729553,0.07975995540618896,-0.3186310827732086,0.07772800326347351,-0.3187849223613739,0.3204198479652405,0.04969550669193268,0.3234736919403076,0.049409568309783936,-0.24229387938976288,0.0488409698009491,-0.235941544175148,0.053972989320755005,0.0,0.0,0.0,0.0,0.0,0.0,0.0,0.0,1.0,0.0,-0.0,1.0,-0.0,-0.9999998807907104,0.30000001192092896,0.30000001192092896,0.30000001192092896,0.30000001192092896
3.55,0,0.06764045357704163,-0.012145490385591984,0.039605963975191116,0.28127455711364746,1.0,0.7260313630104065,-0.014750438742339611,0.019023017957806587,1,1,1,1,0.4761943817138672,13.803213119506836,14.395989418029785,0.0,0.4761943817138672,13.803213119506836,14.395989418029785,0.0,0,0,0,0,0,0.9999924898147583,0.07978589832782745,-0.3186038136482239,0.07775411009788513,-0.3187567889690399,0.32117924094200134,0.04961949586868286,0.32413777709007263,0.04952697083353996,-0.2414882630109787,0.04877133667469025,-0.2352471947669983,0.05423658341169357,0.0,0.0,0.0,0.0,0.0,0.0,0.0,0.0,1.0,0.0,-0.0,1.0,-0.0,-0.9999998807907104,0.30000001192092896,0.30000001192092896,0.30000001192092896,0.30000001192092896
3.6,0,0.06838317960500717,-0.012038621120154858,0.03752188757061958,0.281205952167511,1.0,0.7282888889312744,-0.015279301442205906,0.018372999504208565,1,1,1,1,0.5501466393470764,13.755440711975098,14.331830978393555,0.0,0.5501466393470764,13.755440711975098,14.331830978393555,0.0,0,0,0,0,0,0.9999930262565613,0.07981415838003159,-0.31857404112815857,0.07778232544660568,-0.3187250792980194,0.3219555914402008,0.0495300330221653,0.3248237371444702,0.04963820055127144,-0.24066369235515594,0.04868769273161888,-0.23449942469596863,0.05444036424160004,0.0,0.0,0.0,0.0,0.0,0.0,0.0,0.0,1.0,0.0,-0.0,1.0,-0.0,-0.9999998807907104,0.30000001192092896,0.30000001192092896,0.30000001192092896,0.30000001192092896
3.65,0,0.06894740462303162,-0.01174251176416874,0.034205734729766846,0.28124740719795227,1.0,0.7194576263427734,-0.005733706057071686,0.017996476963162422,1,1,1,1,0.0,14.053792953491211,14.752552032470703,0.0,0.0,14.053792953491211,14.752552032470703,0.0,0,0,0,0,0,0.9999933242797852,0.07983337342739105,-0.31855568289756775,0.07779379189014435,-0.31871169805526733,0.3225288391113281,0.049442555755376816,0.325462281703949,0.049739133566617966,-0.2400185912847519,0.048739220947027206,-0.23392751812934875,0.054676029831171036,0.0,0.0,0.0,0.0,0.0,0.0,0.0,0.0,1.0,0.0,-0.0,1.0,-0.0,-0.9999998807907104,0.30000001192092896,0.30000001192092896,0.30000001192092896,0.30000001192092896
3.6999999999999997,0,0.06942088156938553,-0.01151265762746334,0.01248942781239748,0.28134995698928833,1.0,0.7018395066261292,-0.0047664642333984375,0.017879048362374306,1,1,1,1,0.0,14.113667488098145,14.715826034545898,0.0,0.0,14.113667488098145,14.715826034545898,0.0,0,0,0,0,0,0.9999934434890747,0.07984015345573425,-0.31855133175849915,0.07780123502016068,-0.31870248913764954,0.32297423481941223,0.04939587041735649,0.32606449723243713,0.049829691648483276,-0.23944097757339478,0.04885874316096306,-0.2334909290075302,0.054819926619529724,0.0,0.0,0.0,0.0,0.0,0.0,0.0,0.0,1.0,0.0,-0.0,1.0,-0.0,-0.9999998807907104,0.30000001192092896,0.30000001192092896,0.30000001192092896,0.30000001192092896
3.75,0,0.06989745795726776,-0.01206249836832285,-0.007165111601352692,0.2814798355102539,1.0,0.6706223487854004,-0.0006962884217500687,0.01844298467040062,1,1,1,1,0.0,14.161454200744629,14.614091873168945,0.0,0.0,14.161454200744629,14.614091873168945,0.0,0,0,0,0,0,0.9999932050704956,0.07981997728347778,-0.318573921918869,0.07777192443609238,-0.3187311291694641,0.3234215974807739,0.04962163046002388,0.32664206624031067,0.049923498183488846,-0.23887750506401062,0.0489589124917984,-0.2330394834280014,0.05451984331011772,0.0,0.0,0.0,0.0,0.0,0.0,0.0,0.0,1.0,0.0,-0.0,1.0,-0.0,-0.9999998807907104,0.30000001192092896,0.30000001192092896,0.30000001192092896,0.30000001192092896
3.8,0,0.07033194601535797,-0.013572374358773232,-0.026278246194124222,0.2816840410232544,1.0,0.6495528221130371,0.0009153969585895538,0.020046431571245193,1,1,1,1,0.0,14.167560577392578,14.613178253173828,0.0,0.0,14.167560577392578,14.613178253173828,0.0,0,0,0,0,0,0.9999923706054688,0.07974554598331451,-0.3186514675617218,0.07769279927015305,-0.3188115656375885,0.3238529562950134,0.05022517219185829,0.32718855142593384,0.050023648887872696,-0.23834316432476044,0.0490335077047348,-0.2326194792985916,0.05364103242754936,0.0,0.0,0.0,0.0,0.0,0.0,0.0,0.0,1.0,0.0,-0.0,1.0,-0.0,-0.9999998807907104,0.30000001192092896,0.30000001192092896,0.30000001192092896,0.30000001192092896
3.85,0,0.07071305066347122,-0.016020966693758965,-0.04543452337384224,0.28195518255233765,1.0,0.6184316873550415,-0.0038034841418266296,0.022754449397325516,1,1,1,1,0.0,14.148444175720215,14.607300758361816,0.0,0.0,14.148444175720215,14.607300758361816,0.0,0,0,0,0,0,0.9999903440475464,0.07961663603782654,-0.31878164410591125,0.07755932211875916,-0.31894606351852417,0.32429438829421997,0.051268644630908966,0.32769307494163513,0.05013132095336914,-0.23784051835536957,0.0490836575627327,-0.23222096264362335,0.05222214758396149,0.0,0.0,0.0,0.0,0.0,0.0,0.0,0.0,1.0,0.0,-0.0,1.0,-0.0,-0.9999998807907104,0.30000001192092896,0.30000001192092896,0.30000001192092896,0.30000001192092896
3.9,0,0.07103372365236282,-0.01930394023656845,-0.027770236134529114,0.28229933977127075,1.0,0.5841132402420044,-0.0017399985808879137,0.026433976367115974,1,1,1,1,0.0,13.342406272888184,13.55517292022705,2.5916237831115723,0.0,13.342406272888184,13.55517292022705,2.5916237831115723,0,0,0,0,0,0.9999865293502808,0.07943619787693024,-0.3189586400985718,0.07738131284713745,-0.31911996006965637,0.3247198760509491,0.052717506885528564,0.3281653821468353,0.050249069929122925,-0.2373638153076172,0.04911678284406662,-0.23180949687957764,0.05033895745873451,0.0,0.0,0.0,0.0,0.0,0.0,0.0,0.0,1.0,0.0,-0.0,1.0,-0.0,-0.9999998807907104,0.30000001192092896,0.30000001192092896,0.30000001192092896,0.30000001192092896
3.9499999999999997,0,0.071714386343956,-0.019247224554419518,-0.025735367089509964,0.28226351737976074,1.0,0.6516498327255249,-0.010455165058374405,0.025531107559800148,1,1,1,1,0.0,14.10648250579834,14.396597862243652,0.0,0.0,14.10648250579834,14.396597862243652,0.0,0,0,0,0,0,0.9999875426292419,0.07949397712945938,-0.3189040720462799,0.07742151618003845,-0.31906530261039734,0.32535576820373535,0.05235562101006508,0.3288094103336334,0.05029457435011864,-0.23671047389507294,0.04921639338135719,-0.2310844510793686,0.05026807263493538,0.0,0.0,0.0,0.0,0.0,0.0,0.0,0.0,1.0,0.0,-0.0,1.0,-0.0,-0.9999998807907104,0.30000001192092896,0.30000001192092896,0.30000001192092896,0.30000001192092896
4.0,0,0.07240326702594757,-0.01942063495516777,-0.029286207631230354,0.28223916888237,1.0,0.6260607242584229,-0.010712414048612118,0.025974508374929428,1,1,1,1,0.0,14.105411529541016,14.355308532714844,0.08241497725248337,0.0,14.105411529541016,14.355308532714844,0.08241497725248337,0,0,0,0,0,0.9999870657920837,0.07948701083660126,-0.31891173124313354,0.0773981586098671,-0.3190898597240448,0.32605400681495667,0.052519384771585464,0.32946592569351196,0.05035904049873352,-0.2360510677099228,0.04929729923605919,-0.23032549023628235,0.05019352212548256,0.0,0.0,0.0,0.0,0.0,0.0,0.0,0.0,1.0,0.0,-0.0,1.0,-0.0,-0.9999998807907104,0.30000001192092896,0.30000001192092896,0.30000001192092896,0.30000001192092896
4.05,0,0.07310058176517487,-0.019569093361496925,-0.029772505164146423,0.2822173833847046,1.0,0.5990313291549683,-0.0082322983071208,0.02596828155219555,1,1,1,1,0.0,14.168017387390137,14.449018478393555,0.0,0.0,14.168017387390137,14.449018478393555,0.0,0,0,0,0,0,0.9999870657920837,0.07950299978256226,-0.31889525055885315,0.07739351689815521,-0.31908997893333435,0.3267472982406616,0.05257042869925499,0.3301335871219635,0.05040451139211655,-0.2353794127702713,0.049376796931028366,-0.2295742779970169,0.05009695515036583,0.0,0.0,0.0,0.0,0.0,0.0,0.0,0.0,1.0,0.0,-0.0,1.0,-0.0,-0.9999998807907104,0.30000001192092896,0.30000001192092896,0.30000001192092896,0.30000001192092896
4.1,0,0.07381129264831543,-0.019714362919330597,-0.030778735876083374,0.28218960762023926,1.0,0.6466656923294067,-0.00917995348572731,0.025935683399438858,1,1,1,1,0.0,14.358355522155762,14.610893249511719,0.13041363656520844,0.0,14.358355522155762,14.610893249511719,0.13041363656520844,0,0,0,0,0,0.9999870657920837,0.07952002435922623,-0.31887853145599365,0.07739371806383133,-0.3190847635269165,0.32745596766471863,0.05257021263241768,0.3308054804801941,0.05043908208608627,-0.23469576239585876,0.04944956675171852,-0.22883927822113037,0.04999050870537758,0.0,0.0,0.0,0.0,0.0,0.0,0.0,0.0,1.0,0.0,-0.0,1.0,-0.0,-0.9999998807907104,0.30000001192092896,0.30000001192092896,0.30000001192092896,0.30000001192092896
4.15,0,0.07452625036239624,-0.019973699003458023,-0.029416019096970558,0.2821717858314514,1.0,0.5840656161308289,-0.010333447717130184,0.026332473382353783,1,1,1,1,0.0,13.980327606201172,14.259023666381836,0.04531816765666008,0.0,13.980327606201172,14.259023666381836,0.04531816765666008,0,0,0,0,0,0.9999866485595703,0.07952205836772919,-0.3188750743865967,0.07737036049365997,-0.31910786032676697,0.3281809389591217,0.05276244878768921,0.3314887583255768,0.05046982318162918,-0.23400942981243134,0.049506522715091705,-0.22808150947093964,0.049878474324941635,0.0,0.0,0.0,0.0,0.0,0.0,0.0,0.0,1.0,0.0,-0.0,1.0,-0.0,-0.9999998807907104,0.30000001192092896,0.30000001192092896,0.30000001192092896,0.30000001192092896
4.2,0,0.07524650543928146,-0.020147275179624557,-0.01990569196641445,0.282152384519577,1.0,0.610430896282196,-0.010175492614507675,0.026346080005168915,1,1,1,1,0.0,14.340787887573242,14.478363990783691,0.0,0.0,14.340787887573242,14.478363990783691,0.0,0,0,0,0,0,0.9999866485595703,0.07953867316246033,-0.3188575804233551,0.07736961543560028,-0.31910422444343567,0.3288992941379547,0.05280338227748871,0.33217862248420715,0.05048477277159691,-0.23331193625926971,0.049559708684682846,-0.2273264080286026,0.04975924640893936,0.0,0.0,0.0,0.0,0.0,0.0,0.0,0.0,1.0,0.0,-0.0,1.0,-0.0,-0.9999998807907104,0.30000001192092896,0.30000001192092896,0.30000001192092896,0.30000001192092896
4.25,0,0.07592857629060745,-0.020407751202583313,-0.03421790525317192,0.2821737825870514,1.0,0.6194004416465759,-0.008019959554076195,0.026580465957522392,1,1,1,1,0.0,14.327880859375,14.365641593933105,0.008491304703056812,0.0,14.327880859375,14.365641593933105,0.008491304703056812,0,0,0,0,0,0.9999862909317017,0.07955505698919296,-0.31884029507637024,0.07735340297222137,-0.31911733746528625,0.32958218455314636,0.05290699005126953,0.33287113904953003,0.05049227923154831,-0.232620969414711,0.04959629476070404,-0.2266368567943573,0.04960225522518158,0.0,0.0,0.0,0.0,0.0,0.0,0.0,0.0,1.0,0.0,-0.0,1.0,-0.0,-0.9999998807907104,0.30000001192092896,0.30000001192092896,0.30000001192092896,0.30000001192092896
4.3,0,0.07664521038532257,-0.020712509751319885,-0.02805520035326481,0.28221866488456726,1.0,0.6572805047035217,-0.012281497940421104,0.027153175324201584,1,1,1,1,0.0,14.343273162841797,14.404690742492676,0.0,0.0,14.343273162841797,14.404690742492676,0.0,0,0,0,0,0,0.9999856352806091,0.07954180240631104,-0.3188515901565552,0.07731501758098602,-0.31915679574012756,0.33031225204467773,0.053148746490478516,0.3336230218410492,0.05049341171979904,-0.23189100623130798,0.049620453268289566,-0.22588449716567993,0.04945169389247894,0.0,0.0,0.0,0.0,0.0,0.0,0.0,0.0,1.0,0.0,-0.0,1.0,-0.0,-0.9999998807907104,0.30000001192092896,0.30000001192092896,0.30000001192092896,0.30000001192092896
4.35,0,0.07743271440267563,-0.021052181720733643,-0.02709398791193962,0.28221607208251953,1.0,0.5634008646011353,-0.012217787094414234,0.027579622343182564,1,1,1,1,0.0,14.250086784362793,14.213717460632324,0.1578049212694168,0.0,14.250086784362793,14.213717460632324,0.1578049212694168,0,0,0,0,0,0.9999850988388062,0.07953636348247528,-0.3188548982143402,0.07728732377290726,-0.31918349862098694,0.3311139643192291,0.053325824439525604,0.3343864977359772,0.05047982931137085,-0.23112529516220093,0.04963545873761177,-0.2250993549823761,0.04927884414792061,0.0,0.0,0.0,0.0,0.0,0.0,0.0,0.0,1.0,0.0,-0.0,1.0,-0.0,-0.9999998807907104,0.30000001192092896,0.30000001192092896,0.30000001192092896,0.30000001192092896
4.4,0,0.07820464670658112,-0.021221956238150597,-0.010252059437334538,0.28224581480026245,1.0,0.6269360780715942,-0.011877400800585747,0.027683688327670097,1,1,1,1,0.0,14.346875190734863,14.710395812988281,0.0,0.0,14.346875190734863,14.710395812988281,0.0,0,0,0,0,0,0.9999849796295166,0.07953706383705139,-0.31885290145874023,0.0772790014743805,-0.3191887140274048,0.3318854570388794,0.05337023362517357,0.3351796269416809,0.050447188317775726,-0.2303653061389923,0.04964475706219673,-0.2243092656135559,0.04913477227091789,0.0,0.0,0.0,0.0,0.0,0.0,0.0,0.0,1.0,0.0,-0.0,1.0,-0.0,-0.9999998807907104,0.30000001192092896,0.30000001192092896,0.30000001192092896,0.30000001192092896
4.45,0,0.07889430224895477,-0.021204432472586632,0.017445502802729607,0.282314658164978,1.0,0.6057658195495605,-0.017300616949796677,0.02816488780081272,1,1,1,1,0.0,14.195569038391113,14.533074378967285,0.0,0.0,14.195569038391113,14.533074378967285,0.0,0,0,0,0,0,0.9999843835830688,0.07951375097036362,-0.318874329328537,0.07724814862012863,-0.31922319531440735,0.3325797915458679,0.053546153008937836,0.3359488248825073,0.050409190356731415,-0.22966010868549347,0.0497145876288414,-0.22360756993293762,0.04916198551654816,0.0,0.0,0.0,0.0,0.0,0.0,0.0,0.0,1.0,0.0,-0.0,1.0,-0.0,-0.9999998807907104,0.30000001192092896,0.30000001192092896,0.30000001192092896,0.30000001192092896
4.5,0,0.07968485355377197,-0.020466648042201996,0.035833921283483505,0.2823021709918976,1.0,0.6429178714752197,-0.02168906107544899,0.027209891006350517,1,1,1,1,0.0,14.200233459472656,14.516545295715332,0.0,0.0,14.200233459472656,14.516545295715332,0.0,0,0,0,0,0,0.9999855756759644,0.07955848425626755,-0.31882914900779724,0.07729090005159378,-0.31917956471443176,0.3333149254322052,0.05322377383708954,0.33676877617836,0.050330210477113724,-0.22889398038387299,0.04978307709097862,-0.22289328277111053,0.049567051231861115,0.0,0.0,0.0,0.0,0.0,0.0,0.0,0.0,1.0,0.0,-0.0,1.0,-0.0,-0.9999998807907104,0.30000001192092896,0.30000001192092896,0.30000001192092896,0.30000001192092896
4.55,0,0.08060825616121292,-0.01823427900671959,0.06512034684419632,0.2821410894393921,1.0,0.664923369884491,-0.03414803743362427,0.024815957993268967,1,1,1,1,0.0,14.195881843566895,14.494020462036133,0.0,0.0,14.195881843566895,14.494020462036133,0.0,0,0,0,0,0,0.999988317489624,0.07967319339513779,-0.31871795654296875,0.07740545272827148,-0.31907057762145996,0.33413800597190857,0.05226092040538788,0.3376641869544983,0.050204355269670486,-0.22805052995681763,0.04984910413622856,-0.22205376625061035,0.050808992236852646,0.0,0.0,0.0,0.0,0.0,0.0,0.0,0.0,1.0,0.0,-0.0,1.0,-0.0,-0.9999998807907104,0.30000001192092896,0.30000001192092896,0.30000001192092896,0.30000001192092896
4.6,0,0.0816965103149414,-0.014419280923902988,0.10044585913419724,0.2818158268928528,1.0,0.698697566986084,-0.04913553223013878,0.020446205511689186,1,1,1,1,0.0,14.167625427246094,14.47376537322998,0.0,0.0,14.167625427246094,14.47376537322998,0.0,0,0,0,0,0,0.9999920129776001,0.07988342642784119,-0.31851035356521606,0.07761863619089127,-0.3188565671443939,0.335055947303772,0.05049397796392441,0.3386543095111847,0.05001513659954071,-0.22711017727851868,0.04991008713841438,-0.22107011079788208,0.052912067621946335,0.0,0.0,0.0,0.0,0.0,0.0,0.0,0.0,1.0,0.0,-0.0,1.0,-0.0,-0.9999998807907104,0.30000001192092896,0.30000001192092896,0.30000001192092896,0.30000001192092896
4.65,0,0.08287239074707031,-0.011971053667366505,0.049110013991594315,0.2815108895301819,1.0,0.6998300552368164,-0.021887388080358505,0.018328586593270302,1,1,1,1,0.4493776857852936,13.860894203186035,14.06738567352295,0.0,0.4493776857852936,13.860894203186035,14.06738567352295,0.0,0,0,0,0,0,0.9999929666519165,0.07997864484786987,-0.3184100389480591,0.07771137356758118,-0.3187706768512726,0.3360620141029358,0.049771636724472046,0.33966344594955444,0.04984121397137642,-0.22614909708499908,0.04994453862309456,-0.2198673039674759,0.05448317527770996,0.0,0.0,0.0,0.0,0.0,0.0,0.0,0.0,1.0,0.0,-0.0,1.0,-0.0,-0.9999998807907104,0.30000001192092896,0.30000001192092896,0.30000001192092896,0.30000001192092896
4.7,0,0.08377950638532639,-0.011753560975193977,0.035010937601327896,0.2814851999282837,1.0,0.7177229523658752,-0.018886324018239975,0.018758654594421387,1,1,1,1,0.6951163411140442,13.945606231689453,14.129292488098145,0.0,0.6951163411140442,13.945606231689453,14.129292488098145,0.0,0,0,0,0,0,0.9999925494194031,0.0799548551440239,-0.31843331456184387,0.07767830044031143,-0.31880971789360046,0.3369341194629669,0.04984024539589882,0.3405549228191376,0.049712784588336945,-0.22530657052993774,0.04995698481798172,-0.21895617246627808,0.05452881380915642,0.0,0.0,0.0,0.0,0.0,0.0,0.0,0.0,1.0,0.0,-0.0,1.0,-0.0,-0.9999998807907104,0.30000001192092896,0.30000001192092896,0.30000001192092896,0.30000001192092896
4.75,0,0.08467664569616318,-0.011530027724802494,0.0375840924680233,0.2814704179763794,1.0,0.7192531228065491,-0.018434148281812668,0.01943316124379635,1,1,1,1,0.4247015416622162,13.929739952087402,13.96450424194336,0.0,0.4247015416622162,13.929739952087402,13.96450424194336,0.0,0,0,0,0,0,0.9999918937683105,0.07992147654294968,-0.31846803426742554,0.07764090597629547,-0.31885576248168945,0.3378162086009979,0.04989241436123848,0.34144774079322815,0.04957178235054016,-0.22445958852767944,0.04995349049568176,-0.21808764338493347,0.05454876646399498,0.0,0.0,0.0,0.0,0.0,0.0,0.0,0.0,1.0,0.0,-0.0,1.0,-0.0,-0.9999998807907104,0.30000001192092896,0.30000001192092896,0.30000001192092896,0.30000001192092896
4.8,0,0.08559772372245789,-0.011459419503808022,0.03480342775583267,0.2814582884311676,1.0,0.7210473418235779,-0.019689563661813736,0.02006586454808712,1,1,1,1,0.7884606719017029,13.922185897827148,13.992902755737305,0.0,0.7884606719017029,13.922185897827148,13.992902755737305,0.0,0,0,0,0,0,0.9999912977218628,0.07989036291837692,-0.31849992275238037,0.07760655134916306,-0.31889650225639343,0.3387083113193512,0.04992963746190071,0.34235483407974243,0.049410130828619,-0.2235966920852661,0.049936532974243164,-0.21718277037143707,0.05445225536823273,0.0,0.0,0.0,0.0,0.0,0.0,0.0,0.0,1.0,0.0,-0.0,1.0,-0.0,-0.9999998807907104,0.30000001192092896,0.30000001192092896,0.30000001192092896,0.30000001192092896
4.85,0,0.0865299254655838,-0.011403439566493034,0.03452291712164879,0.2814493775367737,1.0,0.7238748669624329,-0.019676268100738525,0.020693661645054817,1,1,1,1,0.7959326505661011,13.934822082519531,13.920309066772461,0.0,0.7959326505661011,13.934822082519531,13.920309066772461,0.0,0,0,0,0,0,0.9999906420707703,0.07986246794462204,-0.31852835416793823,0.07756642997264862,-0.3189426064491272,0.33961284160614014,0.04995259642601013,0.34327852725982666,0.04922908544540405,-0.22272108495235443,0.049903154373168945,-0.21624630689620972,0.0543249286711216,0.0,0.0,0.0,0.0,0.0,0.0,0.0,0.0,1.0,0.0,-0.0,1.0,-0.0,-0.9999998807907104,0.30000001192092896,0.30000001192092896,0.30000001192092896,0.30000001192092896
4.9,0,0.08746060729026794,-0.011391722597181797,0.034360624849796295,0.2814447283744812,1.0,0.727709174156189,-0.019365675747394562,0.02130120061337948,1,1,1,1,0.8838701844215393,13.925084114074707,13.910402297973633,0.0,0.8838701844215393,13.925084114074707,13.910402297973633,0.0,0,0,0,0,0,0.9999899864196777,0.0798284113407135,-0.31856268644332886,0.07753220945596695,-0.31898200511932373,0.34051403403282166,0.04995867982506752,0.34420061111450195,0.04902799054980278,-0.2218347042798996,0.04985436797142029,-0.21531082689762115,0.05414542928338051,0.0,0.0,0.0,0.0,0.0,0.0,0.0,0.0,1.0,0.0,-0.0,1.0,-0.0,-0.9999998807907104,0.30000001192092896,0.30000001192092896,0.30000001192092896,0.30000001192092896
4.95,0,0.08841162919998169,-0.011398480273783207,0.03338130936026573,0.2814396619796753,1.0,0.7269910573959351,-0.01928699016571045,0.021879248321056366,1,1,1,1,0.9776463508605957,13.896907806396484,13.84896469116211,0.0,0.9776463508605957,13.896907806396484,13.84896469116211,0.0,0,0,0,0,0,0.99998939037323,0.07979965209960938,-0.31859123706817627,0.0775013342499733,-0.3190173804759979,0.3414260149002075,0.04994911327958107,0.3451405167579651,0.04880330339074135,-0.22093114256858826,0.04978834465146065,-0.21435603499412537,0.053941093385219574,0.0,0.0,0.0,0.0,0.0,0.0,0.0,0.0,1.0,0.0,-0.0,1.0,-0.0,-0.9999998807907104,0.30000001192092896,0.30000001192092896,0.30000001192092896,0.30000001192092896
