time_s,event_cursor,step_index,event_index,command,front_left_hip,front_left_knee,front_right_hip,front_right_knee,rear_left_hip,rear_left_knee,rear_right_hip,rear_right_knee,front_left_ankle,front_right_ankle,rear_left_ankle,rear_right_ankle
0.8589999999385327,0,1,0,wheel all 0.3,0.0,0.0,0.0,0.0,0.0,0.0,0.0,0.0,0.3,0.3,0.3,0.3
9.718000000109896,1,1,1,wheel stop,0.0,0.0,0.0,0.0,0.0,0.0,0.0,0.0,0.0,0.0,0.0,0.0
12.57700000028126,2,2,0,servo rear_left_hip 3.5,0.0,0.0,0.0,0.0,3.5,0.0,0.0,0.0,0.0,0.0,0.0,0.0
12.656000000191852,3,2,1,servo rear_left_hip 17.3,0.0,0.0,0.0,0.0,17.3,0.0,0.0,0.0,0.0,0.0,0.0,0.0
12.859000000171363,4,2,2,servo rear_left_hip 18.7,0.0,0.0,0.0,0.0,18.7,0.0,0.0,0.0,0.0,0.0,0.0,0.0
15.437000000150874,5,3,0,servo front_left_hip 6.2,6.2,0.0,0.0,0.0,18.7,0.0,0.0,0.0,0.0,0.0,0.0,0.0
15.484000000171363,6,3,1,servo front_left_hip 11.8,11.8,0.0,0.0,0.0,18.7,0.0,0.0,0.0,0.0,0.0,0.0,0.0
15.593000000342727,7,3,2,servo front_left_hip 14.5,14.5,0.0,0.0,0.0,18.7,0.0,0.0,0.0,0.0,0.0,0.0,0.0
18.812000000150874,8,4,0,servo front_right_hip 2.1,14.5,0.0,2.1,0.0,18.7,0.0,0.0,0.0,0.0,0.0,0.0,0.0
19.07800000021234,9,4,1,servo front_right_hip 31.2,14.5,0.0,31.2,0.0,18.7,0.0,0.0,0.0,0.0,0.0,0.0,0.0
19.296000000322238,10,4,2,servo front_right_hip 39.5,14.5,0.0,39.5,0.0,18.7,0.0,0.0,0.0,0.0,0.0,0.0,0.0
21.390000000130385,11,4,3,servo front_right_knee 16.2,14.5,0.0,39.5,16.2,18.7,0.0,0.0,0.0,0.0,0.0,0.0,0.0
21.45300000021234,12,4,4,servo front_right_knee 20.3,14.5,0.0,39.5,20.3,18.7,0.0,0.0,0.0,0.0,0.0,0.0,0.0
23.671000000089407,13,5,0,wheel all 0.3,14.5,0.0,39.5,20.3,18.7,0.0,0.0,0.0,0.3,0.3,0.3,0.3
28.656000000191852,14,5,1,wheel stop,14.5,0.0,39.5,20.3,18.7,0.0,0.0,0.0,0.0,0.0,0.0,0.0
34.468000000109896,15,6,0,servo front_right_hip 31.2,14.5,0.0,31.2,20.3,18.7,0.0,0.0,0.0,0.0,0.0,0.0,0.0
34.515000000130385,16,6,1,servo front_right_hip 29.8,14.5,0.0,29.8,20.3,18.7,0.0,0.0,0.0,0.0,0.0,0.0,0.0
35.73300000024028,17,6,2,servo front_right_knee 25.8,14.5,0.0,29.8,25.8,18.7,0.0,0.0,0.0,0.0,0.0,0.0,0.0
35.78000000026077,18,6,3,servo front_right_knee 30,14.5,0.0,29.8,30.0,18.7,0.0,0.0,0.0,0.0,0.0,0.0,0.0
35.937000000150874,19,6,4,servo front_right_knee 31.4,14.5,0.0,29.8,31.4,18.7,0.0,0.0,0.0,0.0,0.0,0.0,0.0
36.812000000150874,20,6,5,servo front_right_hip 22.8,14.5,0.0,22.8,31.4,18.7,0.0,0.0,0.0,0.0,0.0,0.0,0.0
36.92100000008941,21,6,6,servo front_right_hip 20.1,14.5,0.0,20.1,31.4,18.7,0.0,0.0,0.0,0.0,0.0,0.0,0.0
39.98399999993853,22,7,0,servo_wheel launch,-0.7,0.0,20.1,31.4,0.7,0.0,0.0,0.0,-2.09,0.0,1.88,0.0
40.73399999993853,23,7,1,wheel stop,-0.7,0.0,20.1,31.4,0.7,0.0,0.0,0.0,0.0,0.0,0.0,0.0
45.04700000002049,24,8,0,wheel all 0.3,-0.7,0.0,20.1,31.4,0.7,0.0,0.0,0.0,0.3,0.3,0.3,0.3
48.73399999993853,25,8,1,wheel stop,-0.7,0.0,20.1,31.4,0.7,0.0,0.0,0.0,0.0,0.0,0.0,0.0
50.765000000130385,26,9,0,servo_wheel launch,-0.7,-18.5,20.1,31.4,0.7,0.0,0.0,0.0,-2.09,0.0,0.0,0.0
51.48400000017136,27,9,1,wheel stop,-0.7,-18.5,20.1,31.4,0.7,0.0,0.0,0.0,0.0,0.0,0.0,0.0
54.79600000008941,28,10,0,wheel all 0.3,-0.7,-18.5,20.1,31.4,0.7,0.0,0.0,0.0,0.3,0.3,0.3,0.3
57.843000000109896,29,10,1,wheel stop,-0.7,-18.5,20.1,31.4,0.7,0.0,0.0,0.0,0.0,0.0,0.0,0.0
62.37400000006892,30,11,0,servo rear_right_hip 2.1,-0.7,-18.5,20.1,31.4,0.7,0.0,2.1,0.0,0.0,0.0,0.0,0.0
62.467999999877065,31,11,1,servo rear_right_hip 18.7,-0.7,-18.5,20.1,31.4,0.7,0.0,18.7,0.0,0.0,0.0,0.0,0.0
62.514999999897555,32,11,2,servo rear_right_hip 20.1,-0.7,-18.5,20.1,31.4,0.7,0.0,20.1,0.0,0.0,0.0,0.0,0.0
67.3430000001099,33,12,0,servo front_left_knee -17.1,-0.7,-17.1,20.1,31.4,0.7,0.0,20.1,0.0,0.0,0.0,0.0,0.0
67.40599999995902,34,12,1,servo front_left_knee -18.5,-0.7,-18.5,20.1,31.4,0.7,0.0,20.1,0.0,0.0,0.0,0.0,0.0
67.53099999995902,35,12,2,servo front_left_knee -32.3,-0.7,-32.3,20.1,31.4,0.7,0.0,20.1,0.0,0.0,0.0,0.0,0.0
67.5930000001099,36,12,3,servo front_left_knee -39.2,-0.7,-39.2,20.1,31.4,0.7,0.0,20.1,0.0,0.0,0.0,0.0,0.0
67.65599999995902,37,12,4,servo front_left_knee -40.6,-0.7,-40.6,20.1,31.4,0.7,0.0,20.1,0.0,0.0,0.0,0.0,0.0
67.7960000000894,38,12,5,servo front_left_knee -42,-0.7,-42.0,20.1,31.4,0.7,0.0,20.1,0.0,0.0,0.0,0.0,0.0
71.5460000000894,39,13,0,servo front_left_hip 0.7,0.7,-42.0,20.1,31.4,0.7,0.0,20.1,0.0,0.0,0.0,0.0,0.0
71.7180000001099,40,13,1,servo front_left_hip 10.4,10.4,-42.0,20.1,31.4,0.7,0.0,20.1,0.0,0.0,0.0,0.0,0.0
71.82799999997951,41,13,2,servo front_left_hip 20.1,20.1,-42.0,20.1,31.4,0.7,0.0,20.1,0.0,0.0,0.0,0.0,0.0
71.9680000001099,42,13,3,servo front_left_hip 24.2,24.2,-42.0,20.1,31.4,0.7,0.0,20.1,0.0,0.0,0.0,0.0,0.0
72.07799999997951,43,13,4,servo front_left_hip 29.8,29.8,-42.0,20.1,31.4,0.7,0.0,20.1,0.0,0.0,0.0,0.0,0.0
72.13999999989755,44,13,5,servo front_left_hip 38.1,38.1,-42.0,20.1,31.4,0.7,0.0,20.1,0.0,0.0,0.0,0.0,0.0
72.40599999995902,45,13,6,servo front_left_hip 39.5,39.5,-42.0,20.1,31.4,0.7,0.0,20.1,0.0,0.0,0.0,0.0,0.0
72.7960000000894,46,13,7,servo front_left_hip 43.6,43.6,-42.0,20.1,31.4,0.7,0.0,20.1,0.0,0.0,0.0,0.0,0.0
74.40599999995902,47,13,8,servo front_left_knee -35.1,43.6,-35.1,20.1,31.4,0.7,0.0,20.1,0.0,0.0,0.0,0.0,0.0
74.4680000001099,48,13,9,servo front_left_knee -32.3,43.6,-32.3,20.1,31.4,0.7,0.0,20.1,0.0,0.0,0.0,0.0,0.0
74.53099999995902,49,13,10,servo front_left_knee -29.5,43.6,-29.5,20.1,31.4,0.7,0.0,20.1,0.0,0.0,0.0,0.0,0.0
74.70299999997951,50,13,11,servo front_left_knee -25.4,43.6,-25.4,20.1,31.4,0.7,0.0,20.1,0.0,0.0,0.0,0.0,0.0
74.7960000000894,51,13,12,servo front_left_knee -12.9,43.6,-12.9,20.1,31.4,0.7,0.0,20.1,0.0,0.0,0.0,0.0,0.0
74.8430000001099,52,13,13,servo front_left_knee -1.8,43.6,-1.8,20.1,31.4,0.7,0.0,20.1,0.0,0.0,0.0,0.0,0.0
77.96799999987707,53,14,0,servo front_left_hip 45,45.0,-1.8,20.1,31.4,0.7,0.0,20.1,0.0,0.0,0.0,0.0,0.0
78.06199999991804,54,14,1,servo front_left_hip 28.4,28.4,-1.8,20.1,31.4,0.7,0.0,20.1,0.0,0.0,0.0,0.0,0.0
78.15500000002794,55,14,2,servo front_left_hip 22.8,22.8,-1.8,20.1,31.4,0.7,0.0,20.1,0.0,0.0,0.0,0.0,0.0
78.21799999987707,56,14,3,servo front_left_hip 18.7,18.7,-1.8,20.1,31.4,0.7,0.0,20.1,0.0,0.0,0.0,0.0,0.0
78.34299999987707,57,14,4,servo front_left_hip 17.3,17.3,-1.8,20.1,31.4,0.7,0.0,20.1,0.0,0.0,0.0,0.0,0.0
78.53000000002794,58,14,5,servo front_left_hip 21.5,21.5,-1.8,20.1,31.4,0.7,0.0,20.1,0.0,0.0,0.0,0.0,0.0
78.59299999987707,59,14,6,servo front_left_hip 22.8,22.8,-1.8,20.1,31.4,0.7,0.0,20.1,0.0,0.0,0.0,0.0,0.0
81.73300000000745,60,15,0,wheel all 0.3,22.8,-1.8,20.1,31.4,0.7,0.0,20.1,0.0,0.3,0.3,0.3,0.3
114.40500000002794,61,15,1,wheel stop,22.8,-1.8,20.1,31.4,0.7,0.0,20.1,0.0,0.0,0.0,0.0,0.0
117.64000000013039,62,16,0,servo_wheel launch,6.2,-1.8,6.2,0.9,0.7,0.0,0.7,0.0,-0.98,-2.09,0.0,1.65
118.3430000001099,63,16,1,wheel stop,6.2,-1.8,6.2,0.9,0.7,0.0,0.7,0.0,0.0,0.0,0.0,0.0
121.23300000000745,64,17,0,servo front_left_hip 14.5,14.5,-1.8,6.2,0.9,0.7,0.0,0.7,0.0,0.0,0.0,0.0,0.0
121.28000000002794,65,17,1,servo front_left_hip 17.3,17.3,-1.8,6.2,0.9,0.7,0.0,0.7,0.0,0.0,0.0,0.0,0.0
121.43599999998696,66,17,2,servo front_left_hip 18.7,18.7,-1.8,6.2,0.9,0.7,0.0,0.7,0.0,0.0,0.0,0.0,0.0
121.49900000006892,67,17,3,servo front_left_hip 20.1,20.1,-1.8,6.2,0.9,0.7,0.0,0.7,0.0,0.0,0.0,0.0,0.0
121.78000000002794,68,17,4,servo front_left_hip 22.8,22.8,-1.8,6.2,0.9,0.7,0.0,0.7,0.0,0.0,0.0,0.0,0.0
122.0460000000894,69,17,5,servo front_left_hip 24.2,24.2,-1.8,6.2,0.9,0.7,0.0,0.7,0.0,0.0,0.0,0.0,0.0
122.7960000000894,70,17,6,servo front_left_knee 14.8,24.2,14.8,6.2,0.9,0.7,0.0,0.7,0.0,0.0,0.0,0.0,0.0
122.84200000017881,71,17,7,servo front_left_knee 23.1,24.2,23.1,6.2,0.9,0.7,0.0,0.7,0.0,0.0,0.0,0.0,0.0
126.49900000006892,72,18,0,servo front_right_hip 4.8,24.2,23.1,4.8,0.9,0.7,0.0,0.7,0.0,0.0,0.0,0.0,0.0
126.82700000004843,73,18,1,servo front_right_hip 6.2,24.2,23.1,6.2,0.9,0.7,0.0,0.7,0.0,0.0,0.0,0.0,0.0
126.95200000004843,74,18,2,servo front_right_hip 9,24.2,23.1,9.0,0.9,0.7,0.0,0.7,0.0,0.0,0.0,0.0,0.0
127.15500000002794,75,18,3,servo front_right_hip 10.4,24.2,23.1,10.4,0.9,0.7,0.0,0.7,0.0,0.0,0.0,0.0,0.0
127.48300000000745,76,18,4,servo front_right_hip 11.8,24.2,23.1,11.8,0.9,0.7,0.0,0.7,0.0,0.0,0.0,0.0,0.0
127.57700000004843,77,18,5,servo front_right_hip 13.2,24.2,23.1,13.2,0.9,0.7,0.0,0.7,0.0,0.0,0.0,0.0,0.0
133.85800000000745,78,19,0,servo rear_left_hip -4.8,24.2,23.1,13.2,0.9,-4.8,0.0,0.7,0.0,0.0,0.0,0.0,0.0
133.9210000000894,79,19,1,servo rear_left_hip -6.2,24.2,23.1,13.2,0.9,-6.2,0.0,0.7,0.0,0.0,0.0,0.0,0.0
134.1710000000894,80,19,2,servo rear_left_hip -10.4,24.2,23.1,13.2,0.9,-10.4,0.0,0.7,0.0,0.0,0.0,0.0,0.0
134.23300000000745,81,19,3,servo rear_left_hip -11.8,24.2,23.1,13.2,0.9,-11.8,0.0,0.7,0.0,0.0,0.0,0.0,0.0
134.73300000000745,82,19,4,servo rear_left_hip -6.2,24.2,23.1,13.2,0.9,-6.2,0.0,0.7,0.0,0.0,0.0,0.0,0.0
134.7960000000894,83,19,5,servo rear_left_hip -4.8,24.2,23.1,13.2,0.9,-4.8,0.0,0.7,0.0,0.0,0.0,0.0,0.0
134.85800000000745,84,19,6,servo rear_left_hip 0.7,24.2,23.1,13.2,0.9,0.7,0.0,0.7,0.0,0.0,0.0,0.0,0.0
134.9670000001788,85,19,7,servo rear_left_hip 2.1,24.2,23.1,13.2,0.9,2.1,0.0,0.7,0.0,0.0,0.0,0.0,0.0
135.12400000006892,86,19,8,servo rear_left_hip 7.6,24.2,23.1,13.2,0.9,7.6,0.0,0.7,0.0,0.0,0.0,0.0,0.0
135.4210000000894,87,19,9,servo rear_left_hip 15.9,24.2,23.1,13.2,0.9,15.9,0.0,0.7,0.0,0.0,0.0,0.0,0.0
135.49900000006892,88,19,10,servo rear_left_hip 17.3,24.2,23.1,13.2,0.9,17.3,0.0,0.7,0.0,0.0,0.0,0.0,0.0
135.6710000000894,89,19,11,servo rear_left_hip 21.5,24.2,23.1,13.2,0.9,21.5,0.0,0.7,0.0,0.0,0.0,0.0,0.0
135.74900000006892,90,19,12,servo rear_left_hip 22.8,24.2,23.1,13.2,0.9,22.8,0.0,0.7,0.0,0.0,0.0,0.0,0.0
136.03000000002794,91,19,13,servo rear_left_hip 24.2,24.2,23.1,13.2,0.9,24.2,0.0,0.7,0.0,0.0,0.0,0.0,0.0
141.62400000006892,92,20,0,servo rear_right_hip 2.1,24.2,23.1,13.2,0.9,24.2,0.0,2.1,0.0,0.0,0.0,0.0,0.0
141.7170000001788,93,20,1,servo rear_right_hip 21.5,24.2,23.1,13.2,0.9,24.2,0.0,21.5,0.0,0.0,0.0,0.0,0.0
141.90500000002794,94,20,2,servo rear_right_hip 29.8,24.2,23.1,13.2,0.9,24.2,0.0,29.8,0.0,0.0,0.0,0.0,0.0
143.2960000000894,95,20,3,servo rear_right_knee -18.5,24.2,23.1,13.2,0.9,24.2,0.0,29.8,-18.5,0.0,0.0,0.0,0.0
143.3890000001993,96,20,4,servo rear_right_knee -44.8,24.2,23.1,13.2,0.9,24.2,0.0,29.8,-44.8,0.0,0.0,0.0,0.0
143.43599999998696,97,20,5,servo rear_right_knee -60,24.2,23.1,13.2,0.9,24.2,0.0,29.8,-60.0,0.0,0.0,0.0,0.0
144.12400000006892,98,20,6,servo rear_right_knee -57.2,24.2,23.1,13.2,0.9,24.2,0.0,29.8,-57.2,0.0,0.0,0.0,0.0
144.65500000002794,99,20,7,servo rear_right_knee -48.9,24.2,23.1,13.2,0.9,24.2,0.0,29.8,-48.9,0.0,0.0,0.0,0.0
144.7170000001788,100,20,8,servo rear_right_knee -44.8,24.2,23.1,13.2,0.9,24.2,0.0,29.8,-44.8,0.0,0.0,0.0,0.0
150.51500000013039,101,21,0,wheel all 0.3,24.2,23.1,13.2,0.9,24.2,0.0,29.8,-44.8,0.3,0.3,0.3,0.3
167.2960000000894,102,21,1,wheel stop,24.2,23.1,13.2,0.9,24.2,0.0,29.8,-44.8,0.0,0.0,0.0,0.0
169.5460000000894,103,22,0,servo_wheel launch,24.2,3.7,13.2,0.9,24.2,12.0,29.8,-44.8,-2.09,0.0,-1.14,0.0
170.12400000006892,104,22,1,wheel stop,24.2,3.7,13.2,0.9,24.2,12.0,29.8,-44.8,0.0,0.0,0.0,0.0
185.65500000002794,105,23,0,servo front_left_hip 17.3,17.3,3.7,13.2,0.9,24.2,12.0,29.8,-44.8,0.0,0.0,0.0,0.0
185.73300000000745,106,23,1,servo front_left_hip 13.2,13.2,3.7,13.2,0.9,24.2,12.0,29.8,-44.8,0.0,0.0,0.0,0.0
185.7960000000894,107,23,2,servo front_left_hip 7.6,7.6,3.7,13.2,0.9,24.2,12.0,29.8,-44.8,0.0,0.0,0.0,0.0
185.87400000006892,108,23,3,servo front_left_hip 4.8,4.8,3.7,13.2,0.9,24.2,12.0,29.8,-44.8,0.0,0.0,0.0,0.0
186.0140000001993,109,23,4,servo front_left_hip 0.7,0.7,3.7,13.2,0.9,24.2,12.0,29.8,-44.8,0.0,0.0,0.0,0.0
186.49900000006892,110,23,5,servo front_left_hip 11.8,11.8,3.7,13.2,0.9,24.2,12.0,29.8,-44.8,0.0,0.0,0.0,0.0
186.5920000001788,111,23,6,servo front_left_hip 15.9,15.9,3.7,13.2,0.9,24.2,12.0,29.8,-44.8,0.0,0.0,0.0,0.0
186.8890000001993,112,23,7,servo front_left_hip 22.8,22.8,3.7,13.2,0.9,24.2,12.0,29.8,-44.8,0.0,0.0,0.0,0.0
186.93599999998696,113,23,8,servo front_left_hip 27,27.0,3.7,13.2,0.9,24.2,12.0,29.8,-44.8,0.0,0.0,0.0,0.0
186.99900000006892,114,23,9,servo front_left_hip 28.4,28.4,3.7,13.2,0.9,24.2,12.0,29.8,-44.8,0.0,0.0,0.0,0.0
187.06099999998696,115,23,10,servo front_left_hip 29.8,29.8,3.7,13.2,0.9,24.2,12.0,29.8,-44.8,0.0,0.0,0.0,0.0
187.3420000001788,116,23,11,servo front_left_hip 33.9,33.9,3.7,13.2,0.9,24.2,12.0,29.8,-44.8,0.0,0.0,0.0,0.0
187.7960000000894,117,23,12,servo front_left_hip 35.3,35.3,3.7,13.2,0.9,24.2,12.0,29.8,-44.8,0.0,0.0,0.0,0.0
189.0920000001788,118,23,13,servo front_right_hip 20.1,35.3,3.7,20.1,0.9,24.2,12.0,29.8,-44.8,0.0,0.0,0.0,0.0
189.12400000006892,119,23,14,servo front_right_hip 24.2,35.3,3.7,24.2,0.9,24.2,12.0,29.8,-44.8,0.0,0.0,0.0,0.0
189.2170000001788,120,23,15,servo front_right_hip 27,35.3,3.7,27.0,0.9,24.2,12.0,29.8,-44.8,0.0,0.0,0.0,0.0
189.2960000000894,121,23,16,servo front_right_hip 29.8,35.3,3.7,29.8,0.9,24.2,12.0,29.8,-44.8,0.0,0.0,0.0,0.0
189.37400000006892,122,23,17,servo front_right_hip 31.2,35.3,3.7,31.2,0.9,24.2,12.0,29.8,-44.8,0.0,0.0,0.0,0.0
190.45200000004843,123,23,18,servo front_right_hip 32.5,35.3,3.7,32.5,0.9,24.2,12.0,29.8,-44.8,0.0,0.0,0.0,0.0
192.90500000002794,124,24,0,servo_wheel launch,35.3,-11.5,32.5,-15.7,24.2,12.0,-0.7,-44.8,-1.13,-1.09,0.0,2.0944
193.68599999998696,125,24,1,wheel stop,35.3,-11.5,32.5,-15.7,24.2,12.0,-0.7,-44.8,0.0,0.0,0.0,0.0
198.35800000000745,126,25,0,servo_wheel launch,35.3,-11.5,32.5,-15.7,-0.7,12.0,-0.7,-44.8,0.0,0.0,0.58,0.0
198.93599999998696,127,25,1,wheel stop,35.3,-11.5,32.5,-15.7,-0.7,12.0,-0.7,-44.8,0.0,0.0,0.0,0.0
202.53000000002794,128,26,0,servo_wheel launch,35.3,-11.5,32.5,-15.7,-0.7,20.3,-0.7,-44.8,0.0,0.0,-1.11,0.0
203.23300000000745,129,26,1,wheel stop,35.3,-11.5,32.5,-15.7,-0.7,20.3,-0.7,-44.8,0.0,0.0,0.0,0.0
215.87300000013784,130,27,0,servo front_right_knee -14.3,35.3,-11.5,32.5,-14.3,-0.7,20.3,-0.7,-44.8,0.0,0.0,0.0,0.0
216.10700000007637,131,27,1,servo front_right_knee 2.3,35.3,-11.5,32.5,2.3,-0.7,20.3,-0.7,-44.8,0.0,0.0,0.0,0.0
217.27900000009686,132,27,2,servo front_right_knee 7.8,35.3,-11.5,32.5,7.8,-0.7,20.3,-0.7,-44.8,0.0,0.0,0.0,0.0
222.85700000007637,133,28,0,servo rear_left_knee 21.7,35.3,-11.5,32.5,7.8,-0.7,21.7,-0.7,-44.8,0.0,0.0,0.0,0.0
222.95100000011735,134,28,1,servo rear_left_knee 41.1,35.3,-11.5,32.5,7.8,-0.7,41.1,-0.7,-44.8,0.0,0.0,0.0,0.0
223.01300000026822,135,28,2,servo rear_left_knee 43.8,35.3,-11.5,32.5,7.8,-0.7,43.8,-0.7,-44.8,0.0,0.0,0.0,0.0
223.13800000026822,136,28,3,servo rear_left_knee 45.2,35.3,-11.5,32.5,7.8,-0.7,45.2,-0.7,-44.8,0.0,0.0,0.0,0.0
225.8250000004191,137,29,0,servo_wheel launch,35.3,-11.5,32.5,7.8,-0.7,45.2,-35.3,-44.8,0.0,0.0,0.0,1.96
226.5600000002887,138,29,1,wheel stop,35.3,-11.5,32.5,7.8,-0.7,45.2,-35.3,-44.8,0.0,0.0,0.0,0.0
230.3420000001788,139,30,0,wheel all -0.3,35.3,-11.5,32.5,7.8,-0.7,45.2,-35.3,-44.8,-0.3,-0.3,-0.3,-0.3
234.32600000011735,140,30,1,wheel stop,35.3,-11.5,32.5,7.8,-0.7,45.2,-35.3,-44.8,0.0,0.0,0.0,0.0
235.92000000015832,141,31,0,wheel all -0.3,35.3,-11.5,32.5,7.8,-0.7,45.2,-35.3,-44.8,-0.3,-0.3,-0.3,-0.3
239.88800000026822,142,31,1,wheel stop,35.3,-11.5,32.5,7.8,-0.7,45.2,-35.3,-44.8,0.0,0.0,0.0,0.0
245.6070000003092,143,32,0,servo_wheel launch,-32.5,-39.2,32.5,7.8,-0.7,45.2,-35.3,-44.8,-2.09,0.0,0.0,0.0
248.04500000015832,144,32,1,wheel stop,-32.5,-39.2,32.5,7.8,-0.7,45.2,-35.3,-44.8,0.0,0.0,0.0,0.0
251.32600000011735,145,33,0,servo rear_right_hip -31.2,-32.5,-39.2,32.5,7.8,-0.7,45.2,-31.2,-44.8,0.0,0.0,0.0,0.0
251.3890000001993,146,33,1,servo rear_right_hip -27,-32.5,-39.2,32.5,7.8,-0.7,45.2,-27.0,-44.8,0.0,0.0,0.0,0.0
251.45100000011735,147,33,2,servo rear_right_hip -25.6,-32.5,-39.2,32.5,7.8,-0.7,45.2,-25.6,-44.8,0.0,0.0,0.0,0.0
251.5140000001993,148,33,3,servo rear_right_hip -24.2,-32.5,-39.2,32.5,7.8,-0.7,45.2,-24.2,-44.8,0.0,0.0,0.0,0.0
251.8570000003092,149,33,4,servo rear_right_hip -22.8,-32.5,-39.2,32.5,7.8,-0.7,45.2,-22.8,-44.8,0.0,0.0,0.0,0.0
251.9350000002887,150,33,5,servo rear_right_hip -20.1,-32.5,-39.2,32.5,7.8,-0.7,45.2,-20.1,-44.8,0.0,0.0,0.0,0.0
252.12300000013784,151,33,6,servo rear_right_hip -17.3,-32.5,-39.2,32.5,7.8,-0.7,45.2,-17.3,-44.8,0.0,0.0,0.0,0.0
252.6070000003092,152,33,7,servo rear_right_hip -14.5,-32.5,-39.2,32.5,7.8,-0.7,45.2,-14.5,-44.8,0.0,0.0,0.0,0.0
252.7170000001788,153,33,8,servo rear_right_hip -13.2,-32.5,-39.2,32.5,7.8,-0.7,45.2,-13.2,-44.8,0.0,0.0,0.0,0.0
253.07600000011735,154,33,9,servo rear_right_hip -9,-32.5,-39.2,32.5,7.8,-0.7,45.2,-9.0,-44.8,0.0,0.0,0.0,0.0
255.2000000004191,155,34,0,wheel all 0.3,-32.5,-39.2,32.5,7.8,-0.7,45.2,-9.0,-44.8,0.3,0.3,0.3,0.3
274.6530000003986,156,34,1,wheel stop,-32.5,-39.2,32.5,7.8,-0.7,45.2,-9.0,-44.8,0.0,0.0,0.0,0.0
276.7470000004396,157,35,0,servo_wheel launch,0.7,0.9,0.7,2.3,-0.7,0.9,-0.7,-6.0,2.0944,-2.09,2.0944,-2.09
277.5750000004191,158,35,1,wheel stop,0.7,0.9,0.7,2.3,-0.7,0.9,-0.7,-6.0,0.0,0.0,0.0,0.0
